-- phpMyAdmin SQL Dump
-- version 4.9.4
-- https://www.phpmyadmin.net/
--
-- Host: localhost
-- Generation Time: Mar 26, 2020 at 03:44 AM
-- Server version: 8.0.19
-- PHP Version: 5.6.30

SET SQL_MODE = "NO_AUTO_VALUE_ON_ZERO";
SET AUTOCOMMIT = 0;
START TRANSACTION;
SET time_zone = "+00:00";


/*!40101 SET @OLD_CHARACTER_SET_CLIENT=@@CHARACTER_SET_CLIENT */;
/*!40101 SET @OLD_CHARACTER_SET_RESULTS=@@CHARACTER_SET_RESULTS */;
/*!40101 SET @OLD_COLLATION_CONNECTION=@@COLLATION_CONNECTION */;
/*!40101 SET NAMES utf8mb4 */;

--
-- Database: `DatSci Werx`
--

--
-- Dumping data for table `Author`
--

INSERT INTO `authors` (`ORCID`, `Author_Name`, `Affiliated_Organization`, `Sum_of_Cited_Times`, `Sum_of_Citing_Times`) VALUES
('0000-0001-5328-0577', 'Nascimento, Susana', 'Univ Nova Lisboa, Dept Comp Sci, P-2829516 Caparica, Portugal', 11, 67),
('0000-0001-5382-5135 ', 'Jarvis, Susan', 'Ctr Ecol & Hydrol, Lancaster LA1 4AP, England.', 78, 57),
('0000-0001-5461-9579', 'Samarghandian, Saeed', 'Neyshabur Univ Med Sci, Noncommunicable Dis Res Ctr, Neyshabur, Iran', 8, 16),
('0000-0001-5650-2294', 'Volodko, Ad', 'UCL, Dept Secur & Crime Sci, 35 Tavistock Sq, London WC1H 9EZ, England', 57, 10),
('0000-0001-5890-203X', 'Andreassen Devik, Siri', 'Ctr Care Res Mid Norway, Steinkjer, Norway', 17, 23),
('0000-0001-5913-9451', 'Ferrigno, Giancarlo', 'Politecn Milan, DEIB, Piazza Leonardo da Vinci 32, I-20133 Milan, MI, Italy', 69, 6),
('0000-0001-5921-1070', 'Dunbar, Stephen', 'ProTECTOR Inc, Protect Turtle Ecol Ctr Training Outreach & Res I, Loma Linda, CA 92350 USA', 68, 77),
('0000-0001-5944-5686', 'Amanda, Larracuente', 'Univ Rochester, Dept Biol, Rochester, NY 14627 USA', 2018, 1798),
('0000-0001-5994-9454', 'Bartlett, Thad', 'Univ Texas San Antonio, Dept Anthropol, San Antonio, TX USA', 15, 44),
('0000-0001-6007-6144', 'Gardner, Heather', 'Tufts Univ, Sackler Sch Grad Biomed Sci, Boston, MA 02111 USA', 44, 93),
('0000-0001-6579-6941  ', 'Perez-Riverol, Yasset', 'EBI, EMBL, Wellcome Trust Genome Campus, Cambridge CB10 1SD, England', 23, 7),
('0000-0001-6605-822X', 'Ashrafizadeh, Milad ', 'Univ Tabriz, Fac Vet Med, Dept Basic Sci, Tabriz, Iran', 94, 36),
('0000-0001-6644-1317', 'Siewerdsen, Jeffrey', 'Johns Hopkins Univ, Dept Biomed Engn, Baltimore, MD 21218 USA', 90, 35),
('0000-0001-6723-6833', 'Boersch-Supan, Philipp', 'British Trust Ornithol, Thetford IP24 2PU, England', 28, 90),
('0000-0001-6848-7271', 'Che, Tao', 'Chinese Acad Sci, Inst Tibetan Plateau Res, Natl Tibetan Plateau Data Ctr, Beijing 100101, Peoples R China', 58, 84),
('0000-0001-6926-0941', 'Ackerman, Jeanelle', 'Broad Inst MIT & Harvard, Cambridge, MA 02142 USA', 19, 62),
('0000-0001-6992-5587  ', 'Roggeveen, Luca', 'OLVG Oost, Intens Care Unit, Oosterpk 9, NL-1091 AC Amsterdam, Netherlands', 81, 68),
('0000-0001-7130-1511', 'O\'Connor, Gabrielle', 'Univ Auckland, Auckland, New Zealand', 39, 98),
('0000-0001-7235-9029 ', 'Tuerkova, Alzbeta', 'Univ Vienna, Dept Pharmaceut Chem, Div Drug Design & Med Chem, Althanstr 14, A-1090 Vienna, Austria', 32, 34),
('0000-0001-7244-5947 ', 'Ferrer, Alberto', 'Univ Politecn Valencia, Dept Appl Stat Operat Res & Qual, Multivariate Stat Engn Grp, Valencia, Spain', 74, 63),
('0000-0001-7383-3810', 'Chung, Joaquin', 'Georgia Inst Technol, Sch Elect & Comp Engn, Atlanta, GA 30332 USA', 8, 77),
('0000-0001-7477-1666', 'Mohamed, Ehab', 'German Univ Cairo, Fac Management Technol, Cairo, Egypt', 70, 94),
('0000-0001-7690-4530', 'Westoby, Mark', 'Macquarie Univ, Dept Biological Sciences, Sydney, NSW, Australia', 92, 13),
('0000-0001-7871-2073', 'Hankemeier, Thomas', 'Leiden Univ, Leiden Acad Ctr Drug Res, Div Syst Biomed & Pharmacol, Leiden, Netherlands', 5, 99),
('0000-0001-8221-013X', 'Johnston, Alison', 'Cornell Univ, Cornell Lab Ornithol, Ithaca, NY 14853 USA', 52, 21),
('0000-0001-8250-068X', 'Wilkerson, Michelle ', 'Univ Calif Berkeley, Grad Sch Educ, 2121 Berkeley Way West,Off 4413, Berkeley, CA 94704 USA', 47, 27),
('0000-0001-8338-9143', 'Wright, Ian', 'Macquarie Univ, Dept Biological Sciences, Sydney, NSW, Australia', 33, 82),
('0000-0001-8675-3473', 'Murdoch, Brenda M', 'Univ Idaho, Dept Anim & Vet Sci, Moscow, ID 83843 USA', 69, 96),
('0000-0001-8943-5681', 'Charles, Vincent', 'Univ Buckingham, Buckingham Business Sch, Buckingham MK18 1EG, England', 44, 66),
('0000-0001-9112-1809', 'Steinberg, David', 'Tel Aviv Univ, Dept Stat & Operat Res, Tel Aviv, Israel', 6, 9),
('0000-0001-9278-7442', 'yi, yuchan ', 'Ohio State Univ, Sch Earth Sci, Columbus, OH 43210 USA', 8, 64),
('0000-0001-9281-0454 ', 'Kamachi, Takashi', 'Fukuoka Inst Technol, Dept Life Environm & Mat Sci, Higashi Ku, 3-30-1 Wajiro-Higashi, Fukuoka 8110295, Japan', 20, 86),
('0000-0001-9513-2783 ', 'Polman, Joseph L', 'Univ Colorado, Sch Educ, Boulder, CO 80309 USA', 32, 77),
('0000-0001-9737-3724', 'O\'Hara, Bob', 'Norwegian Univ Sci & Technol, Dept Math Sci, Ctr Biodivers Dynam, N-7491 Trondheim, Norway', 76, 16),
('0000-0001-9806-3074', 'Hogan, Aaron ', 'Florida Int Univ, Dept Biol Sci, Int Ctr Trop Bot, Miami, FL 33199 USA', 46, 55),
('0000-0001-9893-4415 ', 'Knibbe, Catherijne Annette Jan', 'Leiden Univ, Leiden Acad Ctr Drug Res, Div Syst Biomed & Pharmacol, Leiden, Netherlands', 96, 46),
('0000-0001-9922-8889', 'Takahashi, Lauren', 'Hokkaido Univ, Dept Chem, Sapporo, Hokkaido 0608510, Japan', 3, 45),
('0000-0002-0249-6439', 'Laa, Ursula ', 'Monash Univ, Sch Phys & Astron, Clayton, Vic, Australia', 28, 37),
('0000-0002-0426-3241', 'Pouratian, Nader', 'Univ Calif Los Angeles, Med Ctr, Dept Neurosurg, Los Angeles, CA 90024 USA', 10, 44),
('0000-0002-0474-4176 ', 'Kotche, Miiri', 'Univ Illinois, Dept Bioengn, Chicago, IL USA', 72, 10),
('0000-0002-0675-4458 ', 'Witek, Marcin L', 'CALTECH, Jet Prop Lab, 4800 Oak Grove Dr, Pasadena, CA 91109 USA', 72, 74),
('0000-0002-0791-0731', 'Bolibar, Jordi', 'Univ Grenoble Alpes, CNRS, IRD, G INP,IGE,UMR 5001, Grenoble, France', 5, 27),
('0000-0002-0879-6600', 'Carlson, Brian', 'Coll Wooster, Dept Biol, 931 Coll Mall, Wooster, OH 44691 USA', 80, 59),
('0000-0002-0994-728X', 'Quick, Rob', 'Indiana Univ, High Throughput Comp, Bloomington, IN USA', 79, 77),
('0000-0002-1022-8469', 'Kattge, Jens', 'Max Planck Inst Biogeochem, Jena, Germany', 99, 19),
('0000-0002-1218-8755', 'McMillan Culp, Katherine', 'New York Hall Sci, Corona, NY 11368 USA', 15, 32),
('0000-0002-1277-4631', 'Caicedo, Juan C.', 'Broad Inst MIT & Harvard, Cambridge, MA 02142 USA', 5, 35),
('0000-0002-1437-6688', 'Wu, Patrick', 'Vanderbilt Univ, Med Scientist Training Program, Sch Med, Nashville, TN 37203 USA', 51, 78),
('0000-0002-1533-9790 ', 'Miyazato, Itsuki', 'Hokkaido Univ, Dept Chem, Sapporo, Hokkaido 0608510, Japan', 18, 20),
('0000-0002-1765-4524', 'Liu, Xiaoquan', 'Univ Nottingham Ningbo, Nottingham Univ Business Sch China, Ningbo 315100, Peoples R China', 64, 29),
('0000-0002-1876-5963', 'Oermann, Eric', 'Mt Sinai Hlth Syst, Dept Neurosurg, New York, NY USA', 89, 81),
('0000-0002-2050-9985', 'Akter, Shahriar', 'Univ Wollongong, Sydney Business Sch, Sydney, NSW, Australia', 25, 22),
('0000-0002-2161-4883', 'Dremel, Christian', 'Univ St Gallen, Inst Informat Management, St Gallen, Switzerland', 40, 76),
('0000-0002-2218-6833', 'McCarthy, Davis', 'St Vincents Inst Med Res, Bioinformat & Cellular Genom, Fitzroy, Vic, Australia', 35, 12),
('0000-0002-2247-3082', 'kotsiantis, sotiris', 'Univ Patras, Dept Math, Rion 26504, Greece', 76, 59),
('0000-0002-2423-5475', 'Vlahogianni, Eleni ', 'Natl Tech Univ Athens, Dept Transportat Planning & Engn, Sch Civil Engn, GR-15773 Athens, Greece', 77, 64),
('0000-0002-2768-7362', 'Kosiorowska, Kinga', 'Wroclaw Med Univ, Dept & Clin Cardiac Surg, Wroclaw, Poland', 3, 76),
('0000-0002-2769-1775', 'Carson, Nessa', 'Pfizer Worldwide Res & Dev, Discovery Pk, Sandwich CT13 9NJ, Kent, England', 98, 46),
('0000-0002-2906-1769', 'Dietrich, Felix', 'Johns Hopkins Univ, Dept Appl Math & Stat, Baltimore, MD 21211 USA', 62, 5),
('0000-0002-3012-1263', 'Bernabei, John', 'Univ Penn, Dept Bioengn, 210 South 33rd St, Philadelphia, PA 19104 USA', 60, 53),
('0000-0002-3048-5518', 'Robinson, Mark', 'Univ Zurich, Inst Mol Life Sci, Zurich, Switzerland', 11, 96),
('0000-0002-3082-0814', 'Alario-Hoyos, Carlos ', 'Univ Carlos III Madrid, Av Univ 30, Madrid 28911, Spain', 18, 96),
('0000-0002-3257-7029', 'Bassi, Francesca', 'Univ Padua, Dept Stat Sci, Via C Battisti 241, I-35121 Padua, Italy', 99, 39),
('0000-0002-3348-6153', 'Simmonds, Emily G.', 'Norwegian Univ Sci & Technol, Dept Math Sci, Ctr Biodivers Dynam, N-7491 Trondheim, Norway', 19, 47),
('0000-0002-3434-9062', 'Kwong, Manlik ', 'Tufts Med Ctr, 800 Washington St, Boston, MA 02111 USA', 10, 7),
('0000-0002-3560-3659', 'Poore, Alistair', 'UNSW Sydney, Sch Biol Earth & Environm Sci, Ecol & Evolut Res Ctr, Sydney, NSW, Australia', 36, 6),
('0000-0002-3623-4816', 'Edmondson, Jill', 'Univ Sheffield, Dept Anim & Plant Sci, Sheffield S10 2TN, S Yorkshire, England', 32, 26),
('0000-0002-3644-2105 ', 'Casolla, Giampaolo', 'Univ Naples Federico II, Dept Math & Applicat Renato Caccioppoli, I-80100 Naples, Italy', 43, 92),
('0000-0002-3976-9701  ', 'Molder, Felix', 'Univ Duisburg Essen, Univ Hosp Essen, Inst Pathol, Essen, Germany', 31, 93),
('0000-0002-4105-9629', 'Bevan, Adrian', 'Queen Mary Univ London, Particle Phys Res Ctr, London E1 4NS, England', 57, 93),
('0000-0002-4138-1378', 'Miller, Scott', 'Smithsonian Inst, Natl Museum Nat Hist, Box 37012, Washington, DC 20013 USA', 9, 26),
('0000-0002-4298-3178', 'Lukaszewski, Marceli', 'Wroclaw Med Univ, Dept Anaesthesiol & Intens Therapy, Borowska 213, PL-50556 Wroclaw, Poland', 75, 35),
('0000-0002-4518-2915', 'Hanzelik, Pal Peter ', 'MOL Grp Plc, MOL E&P Lab, Budapest, Hungary.', 95, 3),
('0000-0002-4680-8115', 'Gallagher, Rachael', 'Macquarie Univ, Dept Biological Sciences, Sydney, NSW, Australia', 13, 26),
('0000-0002-4730-6985', 'Stevens, Craig', 'NIWA, New Zealand Natl Inst Water & Atmospher Res, Wellington, New Zealand', 65, 67),
('0000-0002-4810-2001', 'Courtenay, Lloyd', 'Univ Salamanca, Higher Polytech Sch Avila, Dept Cartog & Terrain Engn, Hornos Caleros 50, Avila 05003, Spain', 47, 74),
('0000-0002-4817-1920', 'Pagel, Jorn', 'Univ Hohenheim, Inst Landscape & Plant Ecol, D-70599 Stuttgart, Germany', 52, 4),
('0000-0002-4869-8052', 'Isaac, Nick ', 'Ctr Ecol & Hydrol, Benson Lane, Wallingford OX10 8BB, Oxon, England', 45, 23),
('0000-0002-4870-1493  ', 'Zhang, Yudong', 'Univ Leicester, Dept Informat, Leicester LE1 7RH, Leics, England', 20, 42),
('0000-0002-5087-8861', 'Cao, Yi', 'Univ Edinburgh, Business Sch, Management Sci & Business Econ Grp, 29 Buccleuch Pl, Edinburgh EH8 9JS, Midlothian, Scotland', 39, 23),
('0000-0002-5291-0167 ', 'Huang, Silu ', 'Microsoft Res, Redmond, WA 98052 USA', 67, 45),
('0000-0002-5443-0503', 'Shen, Li', 'Univ Penn, Perelman Sch Med, Dept Biostat Epidemiol & Informat, Philadelphia, PA 19104 USA', 80, 68),
('0000-0002-5637-009X ', 'Dieterle, Neal', 'Tufts Univ, Cummings Sch Vet Med, Boston, MA 02111 USA', 48, 52),
('0000-0002-5791-6736', 'Oberhofer, Harald', 'Tech Univ Munich, Chair Theoret Chem, Lichtenbergstr 4, D-85747 Garching, Germany', 27, 77),
('0000-0002-5818-6958', 'Lotsch, Jorn', 'Fraunhofer Inst Mol Biol & Appl Ecol, Project Grp Translat Med & Pharmacol IME TMP, Frankfurt, Germany', 25, 3),
('0000-0002-5818-6958 ', 'Lotsch, Jorn', 'Goethe Univ, Inst Clin Pharmacol, Theodor Stern Kai 7, D-60590 Frankfurt, Germany', 59, 50),
('0000-0002-6062-5622', 'Toyao, Takashi ', 'Hokkaido Univ, Inst Catalysis, N-21,W-10, Sapporo, Hokkaido 0010021, Japan', 8, 87),
('0000-0002-6170-9780', 'Corleone, Giacomo ', 'Imperial Coll London, Imperial Ctr Translat & Expt Med, Dept Surg & Canc, London, England', 41, 28),
('0000-0002-6241-3164', 'Pearse, William D', 'Utah State Univ, Ctr Ecol, Logan, UT 84322 USA', 47, 9),
('0000-0002-6303-1037', 'Xantheas, Sotiris', 'Pacific Northwest Natl Lab, Adv Comp Math & Data Div, 902 Battelle Blvd,POB 999,MS K1-83, Richland, WA 99352 USA', 74, 45),
('0000-0002-6460-024', 'Tang, Chunlei', 'Brigham & Womens Hosp, Div Gen Internal Med & Primary Care, 75 Francis St, Boston, MA 02115 USA', 74, 20),
('0000-0002-6508-3535 ', 'Uzzo, Stephen', 'New York Hall Sci, Corona, NY 11368 USA', 75, 54),
('0000-0002-6620-807X', 'Ankenbrand, Markus', 'Univ Wurzburg, Dept Bioinformat, BioCtr, Wurzburg, Germany', 18, 1),
('0000-0002-6807-0318 ', 'McCue, Molly ', 'Univ Minnesota, Coll Vet Med, Dept Vet Populat Med, St Paul, MN 55108 USA', 3, 15),
('0000-0002-6817-2859', 'Zwep, Laura', 'Leiden Univ, Leiden Acad Ctr Drug Res, Div Syst Biomed & Pharmacol, Leiden, Netherlands', 18, 75),
('0000-0002-7002-7300', 'Kim, Hun-Sung', 'Catholic Univ Korea, Dept Med Informat, Coll Med, 222 Banpo Daero, Seoul 06591, South Korea', 83, 59),
('0000-0002-7058-8765', 'Shinaoka, Hiroshi', 'Saitama Univ, Dept Phys, Sakura Ku, Saitama 3388570, Japan', 99, 5),
('0000-0002-7166-4176', 'Dambly, Lea Irene ', 'Ctr Ecol & Hydrol, Benson Lane, Wallingford OX10 8BB, Oxon, England', 88, 14),
('0000-0002-7263-0234', 'Kurban, Mustafa', 'Kirsehir Ahi Evran Univ, Dept Elect & Automat, TR-40100 Kirsehir, Turkey', 59, 31),
('0000-0002-7499-076X', 'de Grooth, Harm-Jan', 'OLVG Oost, Intens Care Unit, Oosterpk 9, NL-1091 AC Amsterdam, Netherlands', 59, 75),
('0000-0002-7869-6365', 'PERRI, ENRICO', 'Univ Milan, Dept Biomed Sci Hlth, I-20122 Milan, Italy', 35, 73),
('0000-0002-8012-5852', 'Chang, Victor', 'Xian Jiaotong Liverpool Univ, Int Business Sch Suzhou, Suzhou, Peoples R China', 4, 87),
('0000-0002-8053-9983', 'Pentland, Alex', 'MIT, Media Lab, Cambridge, MA 02139 USA', 5, 4),
('0000-0002-8509-0839 ', 'Morales, Alfredo J.', 'MIT, Media Lab, Cambridge, MA 02139 USA', 69, 43),
('0000-0002-8818-7193', 'Stegle, Oliver ', 'Univ Duisburg Essen, Univ Hosp Essen, Inst Human Genet, Algorithms Reproducible Bioinformat,Genome Inform, Essen, Germany', 34, 13),
('0000-0002-8949-4216', 'Gonzalez-Aguilera, Diego', 'Univ Salamanca, Higher Polytech Sch Avila, Dept Cartog & Terrain Engn, Hornos Caleros 50, Avila 05003, Spain', 71, 45),
('0000-0002-9138-4112', 'Laehnemann, David', 'Univ Duisburg Essen, Univ Hosp Essen, Inst Human Genet, Algorithms Reproducible Bioinformat,Genome Inform, Essen, Germany', 15, 77),
('0000-0002-9269-4526', 'Blanes-Vidal, Victoria', 'Univ Southern Denmark, Maersk Mc Kinney Moller Inst, Campusvej 55, DK-5230 Odense, Denmark', 23, 44),
('0000-0002-9328-1694', 'Takahashi, Keisuke', 'Hokkaido Univ, Dept Chem, Sapporo, Hokkaido 0608510, Japan', 21, 94),
('0000-0002-9509-3523 ', 'Hamm, Alyssa', 'Coll Wooster, Dept Biol, 931 Coll Mall, Wooster, OH 44691 USA', 21, 80),
('0000-0002-9579-8339', 'farkhondeh, tahereh', 'Birjand Univ Med Sci, Cardiovasc Dis Res Ctr, Birjand, Iran', 31, 11),
('0000-0002-9627-9557 ', 'Ezzati, Hamed ', 'Neyshabur Univ Med Sci, Noncommunicable Dis Res Ctr, Neyshabur, Iran', 43, 91),
('0000-0002-9760-0058', 'Ruppert, Nadine', 'Univ Sains Malaysia, Sch Biol Sci, Primate Res & Conservat Lab, Minden 11800, Penang, Malaysia', 40, 97),
('0000-0002-9814-092X', 'Falster, Daniel', 'Univ New South Wales, Evolut & Ecol Res Ctr, Sydney, NSW, Australia', 93, 50),
('0000-0002-9851-6376', 'Li, Xiang', 'Harvard Med Sch, Boston, MA 02114 USA', 42, 58),
('0000-0002-9856-1679', 'Moreno, Pablo', 'EBI, EMBL, Wellcome Trust Genome Campus, Cambridge CB10 1SD, England', 10, 19),
('0000-0002-9882-2111', 'Alroy, John', 'Macquarie Univ, Dept Biological Sciences, Sydney, NSW, Australia', 48, 19),
('0000-0003-0028-0105', 'Todorovic, Milica', 'Aalto Univ, Dept Appl Phys, POB 11100, FI-00076 Aalto, Finland', 97, 52),
('0000-0003-0126-9944', 'Nazir, Shah', 'Univ Swabi, Dept Comp Sci, Khyber Pukhtoonkhwa, Pakistan', 22, 42),
('0000-0003-0190-7301 ', 'Guan, Peng', 'China Med Univ, Sch Publ Hlth, Dept Epidmiol, Shenyang 110122, Peoples R China', 37, 91),
('0000-0003-0209-7080 ', 'Fisher, Nicholas', 'Univ Sydney, Sch Math & Stat, Sydney, NSW, Australia', 13, 14),
('0000-0003-0404-6877', 'Agarwal, Divyansh', 'Univ Penn, Wharton Sch, Dept Stat, Philadelphia, PA 19104 USA', 82, 52),
('0000-0003-0415-2709', 'Callaghan, Corey', 'UNSW Sydney, Sch Biol Earth & Environm Sci, Ctr Ecosys Sci, Sydney, NSW, Australia', 66, 54),
('0000-0003-0415-2709 ', 'Callaghan, Corey ', 'UNSW Sydney, Sch Biol Earth & Environm Sci, Ecol & Evolut Res Ctr, Sydney, NSW, Australia', 46, 4),
('0000-0003-0745-5641', 'Emmert-Streib, Frank', 'Tampere Univ, Fac Informat Technol & Commun Sci, Predict Soc & Data Analyt Lab, Tampere, Finland.', 19, 6),
('0000-0003-0835-1414', 'Moreno-Marcos, Pedro Manuel ', 'Univ Carlos III Madrid, Av Univ 30, Madrid 28911, Spain', 49, 56),
('0000-0003-1078-3021', 'Li, Hui', 'Chinese Acad Sci, Purple Mt Observ, Key Lab Dark Matter & Space Astron, Nanjing 210034, Peoples R China', 81, 3),
('0000-0003-1173-6817', 'Liu, ChangChia', 'New York Hall Sci, Corona, NY 11368 USA', 5, 55),
('0000-0003-1435-3598', 'TOMASELLO, Francesco', 'Univ Messina, Dept Neurosurg, Messina, Italy', 30, 95),
('0000-0003-1794-0456', 'Vercauteren, Tom', 'Kings Coll London, Sch Biomed Engn & Imaging Sci, London WC2R 2LS, England', 81, 42),
('0000-0003-1828-9116', 'Redford, Sophie', 'Paul Scherrer Inst, Forsch Str 111, CH-5232 Villigen, Switzerland', 10, 2),
('0000-0003-1898-723X', 'Rinke, Patrick', '', 3, 60),
('0000-0003-1945-526X', 'Gergely, Szilveszter', 'Budapest Univ Technol & Econ, Dept Appl Biotechnol & Food Sci, Budapest, Hungary', 98, 5),
('0000-0003-1967-7129', 'Schneble, Christophe Olivier', 'Univ Basel, Inst Biomed Eth, Basel, Switzerland', 95, 37),
('0000-0003-2015-099X', 'Doxey, Andrew', 'Univ Waterloo, Dept Biol, Waterloo, ON N2L 3G1, Canada', 78, 58),
('0000-0003-2074-1765', 'de Saint Laurent, Constance', 'Univ Bologna, Dept Informat Engn, Bologna, Italy', 10, 10),
('0000-0003-2155-3918', 'Sgro, Allyson', 'Boston Univ, Dept Biomed Engn, Boston, MA 02215 USA', 56, 50),
('0000-0003-2315-0477', 'Kenett, Ron', 'Technion, Samuel Neaman Inst Natl Policy Res, Ctr Ind Excellence, Haifa, Israel', 45, 98),
('0000-0003-2513-3953', 'Ahmadi, Zahra ', 'Shushtar Univ, Vet Med Fac, Dept Basic Sci, Khuzestan, Iran', 83, 96),
('0000-0003-2521-4091', 'Turner, John', 'Oak Ridge Natl Lab, Oak Ridge, TN 37830 USA', 74, 64),
('0000-0003-2613-2696', 'Nadimi, Esmaeil', 'Univ Southern Denmark, Maersk Mc Kinney Moller Inst, Campusvej 55, DK-5230 Odense, Denmark', 1, 42),
('0000-0003-2999-9818', 'Li, Xin', 'Chinese Acad Sci, Inst Tibetan Plateau Res, Natl Tibetan Plateau Data Ctr, Beijing 100101, Peoples R China', 82, 26),
('0000-0003-3064-7553', 'Schmucki, Reto', 'Ctr Ecol & Hydrol, Benson Lane, Wallingford OX10 8BB, Oxon, England', 22, 99),
('0000-0003-3084-1444', 'Nishimura, Shun', ' Japan Adv Inst Sci & Technol, Grad Sch Adv Sci & Technol, 1-1 Asahidai, Nomi, Ishikawa 9231292, Japan', 91, 92),
('0000-0003-3369-6107 ', 'Goulooze, Sebastiaan', 'Leiden Univ, Leiden Acad Ctr Drug Res, Div Syst Biomed & Pharmacol, Leiden, Netherlands', 28, 58),
('0000-0003-3509-7642', 'roggo, yves', 'Novartis Pharma AG, Continuous Mfg CM Unit, WSJ 27-4-021-01, CH-4002 Basel, Switzerland', 56, 55),
('0000-0003-3638-1960 ', 'Vallejos, Catalina', 'Univ Edinburgh, Western Gen Hosp, Inst Genet & Mol Med, MRC Human Genet Unit, Edinburgh, Midlothian, Scotland', 34, 29),
('0000-0003-3653-5771', 'Avtar, Ram', 'Hokkaido Univ, Fac Environm Earth Sci, Sapporo, Hokkaido 0600810, Japan', 33, 83),
('0000-0003-3737-6565', 'Le, Trang', 'Univ Penn, Inst Biomed Informat, Dept Biostat Epidemiol & Informat, Philadelphia, PA 19104 USA', 80, 64),
('0000-0003-3946-0920', 'Kamalov, Firuz', 'Canadian Univ Dubai, Dept Elect Engn, Dubai, U Arab Emirates', 82, 60),
('0000-0003-4019-6389 ', 'Su, Chang', 'Cornell Univ, Weill Cornell Med, Dept Healthcare Policy & Res, Div Hlth Informat, 425 East 61 St, New York, NY 10065 USA', 36, 71),
('0000-0003-4048-9552', 'Secchi, Piercesare', 'Politecn Milan, MOX Dipartimento Matemat, Milan, Italy', 32, 51),
('0000-0003-4128-2588', 'Cuomo, Salvatore', 'Univ Naples Federico II, Dept Math & Applicat Renato Caccioppoli, I-80100 Naples, Italy', 47, 43),
('0000-0003-4180-4948', 'Romero Morales, Cristobal', 'Univ Cordoba, Comp Sci & Numer Anal, Andalucia, Spain', 72, 27),
('0000-0003-4216-6378', 'Ventura, Sebastian', 'Univ Cordoba, Comp Sci & Numer Anal, Andalucia, Spain', 31, 41),
('0000-0003-4328-3963', 'Bezuidenhout, Louise', 'Univ Oxford, Inst Sci Innovat & Soc, Oxford, England', 22, 4),
('0000-0003-4380-3172', 'Chakrabarti, Amlan', 'Univ Calcutta, AK Choudhury Sch Informat Technol, Kolkata, India', 97, 8),
('0000-0003-4424-4691', 'Zelikovsky, Alexander', 'Georgia State Univ, Dept Comp Sci, Atlanta, GA 30303 USA', 62, 61),
('0000-0003-4501-4118', 'Hachmann, Johannes', 'SUNY Buffalo, Univ Buffalo, Computat & Data Enabled Sci & Engn Grad Program, Buffalo, NY USA', 39, 56),
('0000-0003-4589-2746 ', 'Andrew, Samuel', 'CSIRO, Canberra, ACT, Australia', 82, 80),
('0000-0003-4651-4798 ', 'Vandvik, Vigdis', 'Univ Bergen, Dept Biol Sci, Bergen, Norway', 88, 42),
('0000-0003-4842-0613', 'Mosavi, Amir', 'Bauhaus Univ Weimar, Inst Struct Mech, D-99423 Weimar, Germany', 67, 97);

--
-- Dumping data for table `Citations`
--

INSERT INTO `citations` (`Citor_DOI`, `Citee_DOI`) VALUES
('10.1002/eap.2058', '10.1002/eap.2056'),
('10.1111/geb.13070', '10.1002/eap.2056'),
('0.1109/ACCESS.2019.2928233', '10.1007/s10479-017-2584-2'),
('10.1002/bse.2466', '10.1007/s10479-017-2584-2'),
('10.1007/s00170-019-04374-x', '10.1007/s10479-017-2584-2'),
('10.1007/s10479-018-2772-8', '10.1007/s10479-017-2584-2'),
('10.1007/s10479-018-2806-2', '10.1007/s10479-017-2584-2'),
('10.1007/s10479-018-2985-x', '10.1007/s10479-017-2584-2'),
('10.1007/s10479-019-03322-y', '10.1007/s10479-017-2584-2'),
('10.1007/s10479-019-03440-7', '10.1007/s10479-017-2584-2'),
('10.1007/s10479-020-03514-x', '10.1007/s10479-017-2584-2'),
('10.1007/s11518-018-5365-9', '10.1007/s10479-017-2584-2'),
('10.1007/s40725-019-00101-7', '10.1007/s10479-017-2584-2'),
('10.1016/j.ejor.2018.07.052', '10.1007/s10479-017-2584-2'),
('10.1016/j.ijinfomgt.2018.10.021', '10.1007/s10479-017-2584-2'),
('10.1016/j.simpat.2019.03.010', '10.1007/s10479-017-2584-2'),
('10.1080/00207543.2017.1414330', '10.1007/s10479-017-2584-2'),
('10.1109/ACCESS.2019.2905845', '10.1007/s10479-017-2584-2'),
('10.1109/ACCESS.2019.2913340', '10.1007/s10479-017-2584-2'),
('10.1109/MCG.2019.2918158', '10.1007/s10479-017-2584-2'),
('10.1007/s10479-018-03129-3', '10.1007/s10479-017-2607-z'),
('10.1007/s10479-019-03440-7', '10.1007/s10479-017-2607-z'),
('10.1007/s10530-019-02141-3', '10.1007/s10530-019-02147-x'),
('10.1007/s10530-019-02144-0', '10.1007/s10530-019-02147-x'),
('10.1007/s10530-019-02146-y', '10.1007/s10530-019-02147-x'),
('10.1007/s10530-019-02149-9', '10.1007/s10530-019-02147-x'),
('10.1007/s10530-019-02156-w', '10.1007/s10530-019-02147-x'),
('10.1007/s10530-019-02176-6', '10.1007/s10530-019-02147-x'),
('10.1007/s10530-019-02177-5', '10.1007/s10530-019-02147-x'),
('10.1152/physiolgenomics.00058.2019', '10.1016/j.csbj.2019.03.002'),
('10.3389/fbioe.2019.00214', '10.1016/j.csbj.2019.03.002'),
('10.1016/j.ijinfomgt.2019.08.001', '10.1016/j.im.2018.10.007'),
('10.3390/info10070226', '10.1016/j.im.2018.10.007'),
('10.1016/j.wneu.2019.03.155', '10.1016/j.wneu.2019.09.092'),
('10.1016/j.wneu.2019.04.268', '10.1016/j.wneu.2019.09.092'),
('10.1017/S0032247419000470', '10.1017/S0032247419000093'),
('10.1017/S0032247419000494', '10.1017/S0032247419000093'),
('10.1038/s41592-020-0733-z', '10.1038/s41592-019-0612-7'),
('10.1016/j.gie.2019.11.012', '10.1080/0284186X.2019.1584404'),
('10.1053/j.gastro.2019.08.058', '10.1080/0284186X.2019.1584404'),
('10.3390/medicina55080473', '10.1080/0284186X.2019.1584404'),
('10.1088/1674-4527/19/11/155', '10.1088/1674-4527/19/11/162'),
('10.1088/1674-4527/19/11/156', '10.1088/1674-4527/19/11/162'),
('10.1088/1674-4527/19/11/158', '10.1088/1674-4527/19/11/162'),
('10.1088/1674-4527/19/11/159', '10.1088/1674-4527/19/11/162'),
('10.1088/1674-4527/19/11/164', '10.1088/1674-4527/19/11/162'),
('10.1088/1674-4527/19/11/155', '10.1088/1674-4527/19/11/164'),
('10.1088/1674-4527/19/11/156', '10.1088/1674-4527/19/11/164'),
('10.1016/j.omtn.2019.04.010', '10.1093/bib/bby117'),
('10.1042/ETLS20190003', '10.1093/bib/bby117'),
('10.1093/bioinformatics/btz718', '10.1093/bib/bby117'),
('10.1186/s12859-019-3284-5', '10.1093/bib/bby117'),
('10.3389/fgene.2019.00535', '10.1093/bib/bby117'),
('10.1057/s41599-019-0330-x', '10.1177/0894439318788314'),
('10.1080/09638237.2020.1714011', '10.1177/0894439318788314'),
('10.1177/0894439318810734', '10.1177/0894439318788314');

--
-- Dumping data for table `Keywords`
--

INSERT INTO `keywords` (`Paper_DOI`, `Keyword`) VALUES
('10.1002/eap.2056', ' area of occurrence'),
('10.1002/eap.2056', ' biodiversity monitoring'),
('10.1002/eap.2056', ' bird distributions'),
('10.1002/eap.2056', ' bird migration'),
('10.1002/eap.2056', ' citizen science'),
('10.1002/eap.2056', ' eBird'),
('10.1002/eap.2056', ' full annual cycle'),
('10.1002/eap.2056', ' population trends'),
('10.1002/eap.2056', ' Wood Thrush'),
('10.1002/eap.2056', 'abundance'),
('10.1007/s10479-017-2584-2', 'Bigdataanalytics'),
('10.1007/s10479-017-2584-2', 'Disastermanagement'),
('10.1007/s10479-017-2584-2', 'Emergencyservices'),
('10.1007/s10479-017-2584-2', 'Humanitarianservices'),
('10.1007/s10479-017-2584-2', 'Systematicliteraturereview'),
('10.1007/s10479-017-2607-z', ' Big data analytics'),
('10.1007/s10479-017-2607-z', ' Data science'),
('10.1007/s10479-017-2607-z', ' Decision tree'),
('10.1007/s10479-017-2607-z', ' Embedded analytics'),
('10.1007/s10479-017-2607-z', ' Humanitarian logistics'),
('10.1007/s10479-017-2607-z', 'Businessanalytics'),
('10.1007/s10530-019-02147-x', 'Biosecurity'),
('10.1007/s10530-019-02147-x', 'Diagnostics'),
('10.1007/s10530-019-02147-x', 'Earlydetectionandrapidresponse(EDRR)'),
('10.1007/s10530-019-02147-x', 'Identification'),
('10.1007/s10530-019-02147-x', 'Invasivespecies'),
('10.1007/s10530-019-02147-x', 'Pests'),
('10.1007/s10530-019-02147-x', 'Taxonomy'),
('10.1016/j.csbj.2019.03.002', ' Conformational sampling'),
('10.1016/j.csbj.2019.03.002', ' distance education and online learning'),
('10.1016/j.csbj.2019.03.002', ' Drug-drug interactions'),
('10.1016/j.csbj.2019.03.002', ' evaluation methodologies'),
('10.1016/j.csbj.2019.03.002', ' Fold-recognition'),
('10.1016/j.csbj.2019.03.002', ' Molecular modeling'),
('10.1016/j.csbj.2019.03.002', ' Open data'),
('10.1016/j.csbj.2019.03.002', ' Selectivity'),
('10.1016/j.csbj.2019.03.002', ' Uptake transporters'),
('10.1016/j.csbj.2019.03.002', 'datascienceapplicationsineducation'),
('10.1016/j.csbj.2019.03.002', 'SLCtransporters'),
('10.1016/j.im.2018.10.007', ' Affordance actualization'),
('10.1016/j.im.2018.10.007', ' Affordance theory'),
('10.1016/j.im.2018.10.007', ' Organizational benefits'),
('10.1016/j.im.2018.10.007', ' Organizational transformation'),
('10.1016/j.im.2018.10.007', ' Socio-technical approach'),
('10.1016/j.im.2018.10.007', 'Bigdataanalytics'),
('10.1016/j.wneu.2019.09.092', ' Data science'),
('10.1016/j.wneu.2019.09.092', ' Machine learning'),
('10.1016/j.wneu.2019.09.092', ' Registry'),
('10.1016/j.wneu.2019.09.092', 'Clinicalpractice'),
('10.1017/S0032247419000093', ' Antarctica'),
('10.1017/S0032247419000093', ' climate change'),
('10.1017/S0032247419000093', ' SciArt'),
('10.1017/S0032247419000093', ' science communication'),
('10.1017/S0032247419000093', ' sea ice'),
('10.1017/S0032247419000093', ' transdiscipline'),
('10.1017/S0032247419000093', 'art'),
('10.1038/nature06341', 'ADAPTIVE PROTEIN EVOLUTION'),
('10.1038/nature06341', 'AMINO-ACID SUBSTITUTION'),
('10.1088/1674-4527/19/11/162', ' Sun: flares'),
('10.1088/1674-4527/19/11/162', ' Sun: solar wind'),
('10.1088/1674-4527/19/11/162', ' techniques: calibration'),
('10.1088/1674-4527/19/11/162', 'Sun:coronalmassejections(CMEs)'),
('10.1088/1674-4527/19/11/164', ' methods: data analysis'),
('10.1088/1674-4527/19/11/164', ' techniques: image processing'),
('10.1088/1674-4527/19/11/164', 'spacevehicles:instruments'),
('10.1093/bib/bby117', ' graph embedding'),
('10.1093/bib/bby117', ' network-based learning'),
('10.1093/bib/bby117', 'biomedicalinformatics'),
('10.1093/bib/bby117', 'biomedicalknowledgegraphs'),
('10.1093/bib/bby117', 'biomedicalnetworks'),
('10.1093/bib/bby117', 'network embedding'),
('10.1177/0894439318788314', ' artificial intelligence'),
('10.1177/0894439318788314', ' Big Data'),
('10.1177/0894439318788314', ' domain experts'),
('10.1177/0894439318788314', ' ethics'),
('10.1177/0894439318788314', ' gang violence'),
('10.1177/0894439318788314', ' inclusion'),
('10.1177/0894439318788314', ' law enforcement'),
('10.1177/0894439318788314', ' natural language processing'),
('10.1177/0894439318788314', ' qualitative methods'),
('10.1177/0894439318788314', 'socialmedia');

--
-- Dumping data for table `Publisher`
--

INSERT INTO `publishers` (`ISSN`, `Publisher_Name`, `Research_Domain`, `Impact_Factor`) VALUES
('0001-1452', 'AIAA JOURNAL', 'Engineering', 1.829),
('0002-9165', 'AMERICAN JOURNAL OF CLINICAL NUTRITION', 'Nutrition & Dietetics', 0.516),
('0003-1305', 'AMERICAN STATISTICIAN', 'Mathematics', 1.54),
('0004-6361', 'ASTRONOMY & ASTROPHYSICS', 'Astronomy & Astrophysics', 0.849),
('0007-0955', 'BRITISH JOURNAL OF CRIMINOLOGY', 'Criminology & Penology', 2.184),
('0009-4293', 'CHIMIA', 'Chemistry', 4.307),
('0009-9236', 'CLINICAL PHARMACOLOGY & THERAPEUTICS', 'Pharmacology & Pharmacy', 2.421),
('0010-5422', 'CONDOR', 'Zoology', 1.385),
('0011-3069', 'CURATOR-THE MUSEUM JOURNAL', 'Arts & Humanities - Other Topics', 2.649),
('0016-5085', 'GASTROENTEROLOGY', 'Gastroenterology & Hepatology', 4.275),
('0016-5107', 'GASTROINTESTINAL ENDOSCOPY', 'Gastroenterology & Hepatology', 1.701),
('0018-9219', 'PROCEEDINGS OF THE IEEE', 'Engineering', 4.667),
('0020-0255', 'INFORMATION SCIENCES', 'Computer Science', 4.628),
('0020-7543', 'INTERNATIONAL JOURNAL OF PRODUCTION RESEARCH', 'Engineering; Operations Research & Management Science', 2.476),
('0021-8901', 'JOURNAL OF APPLIED ECOLOGY', 'Biodiversity & Conservation; Environmental Sciences & Ecology', 4.33),
('0021-9606', 'JOURNAL OF CHEMICAL PHYSICS', 'Chemistry; Physics', 3.785),
('0022-2720', 'JOURNAL OF MICROSCOPY', 'Microscopy', 1.54),
('0025-7974', 'MEDICINE', 'General & Internal Medicine', 2.69),
('0027-8424', 'PROCEEDINGS OF THE NATIONAL ACADEMY OF SCIENCES OF THE UNITED STATES OF AMERICA', 'Science & Technology - Other Topics', 2.669),
('0028-0836', 'NATURE', 'Science & Technology - Other Topics', 45.819),
('0031-9015', 'JOURNAL OF THE PHYSICAL SOCIETY OF JAPAN', 'Physics', 4.632),
('0032-2474', 'POLAR RECORD', 'Environmental Sciences & Ecology', 4.337),
('0048-9697', 'SCIENCE OF THE TOTAL ENVIRONMENT', 'Environmental Sciences & Ecology', 2.998),
('0079-6107', 'PROGRESS IN BIOPHYSICS & MOLECULAR BIOLOGY', 'Biochemistry & Molecular Biology; Biophysics', 0.2),
('0090-6964', 'ANNALS OF BIOMEDICAL ENGINEERING', 'Engineering', 0.19),
('0093-4690', 'JOURNAL OF FIELD ARCHAEOLOGY', 'Archaeology', 3.383),
('0138-9130', 'SCIENTOMETRICS', 'Computer Science; Information Science & Library Science', 2.304),
('0141-0768', 'JOURNAL OF THE ROYAL SOCIETY OF MEDICINE', 'General & Internal Medicine', 4.184),
('0160-5682', 'JOURNAL OF THE OPERATIONAL RESEARCH SOCIETY', 'Business & Economics; Operations Research & Management Science', 3.249),
('0163-5808', 'SIGMOD RECORD', 'Computer Science', 4.742),
('0163-6804', 'IEEE COMMUNICATIONS MAGAZINE', 'Engineering; Telecommunications', 4.483),
('0167-6369', 'ENVIRONMENTAL MONITORING AND ASSESSMENT', 'Environmental Sciences & Ecology', 0.504),
('0167-739X', 'FUTURE GENERATION COMPUTER SYSTEMS-THE INTERNATIONAL JOURNAL OF ESCIENCE', 'Computer Science', 3.292),
('0167-8655', 'PATTERN RECOGNITION LETTERS', 'Computer Science', 3.844),
('0167-9236', 'DECISION SUPPORT SYSTEMS', 'Computer Science; Operations Research & Management Science', 4.417),
('0169-1864', 'ADVANCED ROBOTICS', 'Robotics', 3.587),
('0169-2046', 'LANDSCAPE AND URBAN PLANNING', 'Environmental Sciences & Ecology; Geography; Physical Geography; Public Administration; Urban Studies', 3.308),
('0169-5347', 'TRENDS IN ECOLOGY & EVOLUTION', 'Environmental Sciences & Ecology; Evolutionary Biology; Genetics & Heredity', 3.192),
('0254-5330', 'ANNALS OF OPERATIONS RESEARCH', 'Operations Research & Management Science', 2),
('0256-2499', 'SADHANA-ACADEMY PROCEEDINGS IN ENGINEERING SCIENCES', 'Engineering', 0.206),
('0262-6667', 'HYDROLOGICAL SCIENCES JOURNAL-JOURNAL DES SCIENCES HYDROLOGIQUES', 'Water Resources', 0.911),
('0268-3768', 'INTERNATIONAL JOURNAL OF ADVANCED MANUFACTURING TECHNOLOGY', 'Automation & Control Systems; Engineering', 0.835),
('0268-4012', 'INTERNATIONAL JOURNAL OF INFORMATION MANAGEMENT', 'Information Science & Library Science', 3.173),
('0272-1716', 'IEEE COMPUTER GRAPHICS AND APPLICATIONS', 'Computer Science', 1.033),
('0272-989X', 'MEDICAL DECISION MAKING', 'Health Care Sciences & Services; Medical Informatics', 4.895),
('0275-2565', 'AMERICAN JOURNAL OF PRIMATOLOGY', 'Zoology', 4.142),
('0284-186X', 'ACTA ONCOLOGICA', 'Oncology', 4.932),
('0303-8300', 'SOCIAL INDICATORS RESEARCH', 'Social Sciences - Other Topics; Sociology', 3.003),
('0304-3959', 'PAIN', 'Anesthesiology; Neurosciences & Neurology', 2.504),
('0306-4573', 'INFORMATION PROCESSING & MANAGEMENT', 'Computer Science; Information Science & Library Science', 2.857),
('0360-1315', 'COMPUTERS & EDUCATION', 'Computer Science; Education & Educational Research', 4.049),
('0361-0918', 'COMMUNICATIONS IN STATISTICS-SIMULATION AND COMPUTATION', 'Mathematics', 3.428),
('0378-7206', 'INFORMATION & MANAGEMENT', 'Computer Science; Information Science & Library Science; Business & Economics', 4.571),
('0514-7794', 'ZIVOT UMJETNOSTI', 'Art', 4.19),
('0723-5186', 'FEMINISTISCHE STUDIEN', 'Women\'s Studies', 1.655),
('0731-7085', 'JOURNAL OF PHARMACEUTICAL AND BIOMEDICAL ANALYSIS', 'Chemistry; Pharmacology & Pharmacy', 0.767),
('0735-3766', 'JOURNAL OF BUSINESS LOGISTICS', 'Business & Economics', 3.147),
('0740-624X', 'GOVERNMENT INFORMATION QUARTERLY', 'Information Science & Library Science', 0.377),
('0742-4795', 'JOURNAL OF ENGINEERING FOR GAS TURBINES AND POWER-TRANSACTIONS OF THE ASME', 'Engineering', 1.029),
('0832-610X', 'CANADIAN JOURNAL OF ANESTHESIA-JOURNAL CANADIEN D ANESTHESIE', 'Anesthesiology', 3.183),
('0882-8156', 'WEATHER AND FORECASTING', 'Meteorology & Atmospheric Sciences', 4.164),
('0883-4237', 'STATISTICAL SCIENCE', 'Mathematics', 2.19),
('0886-9383', 'JOURNAL OF CHEMOMETRICS', 'Automation & Control Systems; Chemistry; Computer Science; Instruments & Instrumentation; Mathematics', 0.213),
('0888-8892', 'CONSERVATION BIOLOGY', 'Biodiversity & Conservation; Environmental Sciences & Ecology', 1.085),
('0894-4393', 'SOCIAL SCIENCE COMPUTER REVIEW', 'Computer Science; Information Science & Library Science; Social Sciences - Other Topics', 2.36),
('0895-7347', 'APPLIED MEASUREMENT IN EDUCATION', 'Education & Educational Research; Psychology', 2.052),
('0898-2112', 'QUALITY ENGINEERING', 'Engineering; Mathematics', 1.124),
('0906-7590', 'ECOGRAPHY', 'Biodiversity & Conservation; Environmental Sciences & Ecology', 1.777),
('0925-9724', 'COMPUTER SUPPORTED COOPERATIVE WORK-THE JOURNAL OF COLLABORATIVE COMPUTING AND WORK PRACTICES', 'Computer Science', 1.562),
('0943-4062', 'COMPUTATIONAL STATISTICS', 'Mathematics', 3.009),
('0943-7444', 'KNOWLEDGE ORGANIZATION', 'Information Science & Library Science', 2.11),
('0947-6539', 'CHEMISTRY-A EUROPEAN JOURNAL', 'Chemistry', 4.123),
('0947-8965', 'ONKOLOGE', 'Oncology', 4.578),
('0951-8320', 'RELIABILITY ENGINEERING & SYSTEM SAFETY', 'Engineering; Operations Research & Management Science', 3.637),
('0953-7287', 'PRODUCTION PLANNING & CONTROL', 'Engineering; Operations Research & Management Science', 2.503),
('0953-7325', 'TECHNOLOGY ANALYSIS & STRATEGIC MANAGEMENT', 'Business & Economics; Science & Technology - Other Topics', 1.757),
('0959-3845', 'INFORMATION TECHNOLOGY & PEOPLE', 'Information Science & Library Science', 4.757),
('0960-3115', 'BIODIVERSITY AND CONSERVATION', 'Biodiversity & Conservation; Environmental Sciences & Ecology', 0.544),
('0963-8237', 'JOURNAL OF MENTAL HEALTH', 'Psychology', 4.941),
('0964-1998', 'JOURNAL OF THE ROYAL STATISTICAL SOCIETY SERIES A-STATISTICS IN SOCIETY', 'Mathematical Methods In Social Sciences; Mathematics', 2.463),
('0964-4733', 'BUSINESS STRATEGY AND THE ENVIRONMENT', 'Business & Economics; Environmental Sciences & Ecology', 2.301),
('0969-7330', 'NURSING ETHICS', 'Social Sciences - Other Topics; Nursing', 2.923),
('1004-3756', 'JOURNAL OF SYSTEMS SCIENCE AND SYSTEMS ENGINEERING', 'Operations Research & Management Science', 0.125),
('1007-0214', 'TSINGHUA SCIENCE AND TECHNOLOGY', 'Computer Science; Engineering', 3.73),
('1010-660X', 'MEDICINA-LITHUANIA', 'General & Internal Medicine', 4.001),
('1027-5606', 'HYDROLOGY AND EARTH SYSTEM SCIENCES', 'Geology; Water Resources', 3.939),
('1040-0419', 'CREATIVITY RESEARCH JOURNAL', 'Psychology', 3.359),
('1047-1987', 'POLITICAL ANALYSIS', 'Government & Law', 0.446),
('1050-8406', 'JOURNAL OF THE LEARNING SCIENCES', 'Education & Educational Research; Psychology', 3.343),
('1051-0761', 'ECOLOGICAL APPLICATIONS', 'Environmental Sciences & Ecology', 0.626),
('1054-1500', 'CHAOS', 'Mathematics; Physics', 4.252),
('1060-0280', 'ANNALS OF PHARMACOTHERAPY', 'Pharmacology & Pharmacy', 3.674),
('1066-8888', 'VLDB JOURNAL', 'Computer Science', 0.137),
('1071-8443', 'CHELONIAN CONSERVATION AND BIOLOGY', 'Zoology', 3.67),
('1076-6332', 'ACADEMIC RADIOLOGY', 'Radiology, Nuclear Medicine & Medical Imaging', 1.455),
('1077-2626', 'IEEE TRANSACTIONS ON VISUALIZATION AND COMPUTER GRAPHICS', 'Computer Science', 0.042),
('1079-2082', 'AMERICAN JOURNAL OF HEALTH-SYSTEM PHARMACY', 'Pharmacology & Pharmacy', 4.45),
('1079-8587', 'INTELLIGENT AUTOMATION AND SOFT COMPUTING', 'Automation & Control Systems; Computer Science', 3.064),
('1084-4791', 'TRENDS IN ORGANIZED CRIME', 'Criminology & Penology', 2.654),
('1094-8341', 'PHYSIOLOGICAL GENOMICS', 'Cell Biology; Genetics & Heredity; Physiology', 4.431),
('1309-1042', 'ATMOSPHERIC POLLUTION RESEARCH', 'Environmental Sciences & Ecology', 2.367),
('1342-078X', 'ENVIRONMENTAL HEALTH AND PREVENTIVE MEDICINE', 'Public, Environmental & Occupational Health', 2.367),
('1353-3452', 'SCIENCE AND ENGINEERING ETHICS', 'Social Sciences - Other Topics; Engineering; History & Philosophy of Science; Science & Technology - Other Topics; Philosophy', 2.832),
('1364-503X', 'PHILOSOPHICAL TRANSACTIONS OF THE ROYAL SOCIETY A-MATHEMATICAL PHYSICAL AND ENGINEERING SCIENCES', 'Science & Technology - Other Topics', 3.011),
('1365-8816', 'INTERNATIONAL JOURNAL OF GEOGRAPHICAL INFORMATION SCIENCE', 'Computer Science; Geography; Physical Geography; Information Science & Library Science', 3.241),
('1367-4803', 'BIOINFORMATICS', 'Biochemistry & Molecular Biology; Biotechnology & Applied Microbiology; Computer Science; Mathematical & Computational Biology; Mathematics', 3.903),
('1386-9620', 'HEALTH CARE MANAGEMENT SCIENCE', 'Health Care Sciences & Services', 0.916),
('1387-3547', 'BIOLOGICAL INVASIONS', 'Biodiversity & Conservation; Environmental Sciences & Ecology', 1.618),
('1392-124X', 'INFORMATION TECHNOLOGY AND CONTROL', 'Automation & Control Systems; Computer Science', 4.524),
('1466-822X', 'GLOBAL ECOLOGY AND BIOGEOGRAPHY', 'Environmental Sciences & Ecology; Physical Geography', 3.234),
('1467-5463', 'BRIEFINGS IN BIOINFORMATICS', 'Biochemistry & Molecular Biology; Mathematical & Computational Biology', 1.084),
('1468-4527', 'ONLINE INFORMATION REVIEW', 'Computer Science; Information Science & Library Science', 1.666),
('1469-7688', 'QUANTITATIVE FINANCE', 'Business & Economics; Mathematics; Mathematical Methods In Social Sciences', 1.672),
('1471-2105', 'BMC BIOINFORMATICS', 'Biochemistry & Molecular Biology; Biotechnology & Applied Microbiology; Mathematical & Computational Biology', 3.526),
('1471-2261', 'BMC CARDIOVASCULAR DISORDERS', 'Cardiovascular System & Cardiology', 2.699),
('1474-760X', 'GENOME BIOLOGY', 'Biotechnology & Applied Microbiology; Genetics & Heredity', 2.481),
('1524-1904', 'APPLIED STOCHASTIC MODELS IN BUSINESS AND INDUSTRY', 'Operations Research & Management Science; Mathematics', 3.292),
('1524-9050', 'IEEE TRANSACTIONS ON INTELLIGENT TRANSPORTATION SYSTEMS', 'Engineering; Transportation', 1.817),
('1525-5050', 'EPILEPSY & BEHAVIOR', 'Behavioral Sciences; Neurosciences & Neurology; Psychiatry', 2.228),
('1528-4042', 'CURRENT NEUROLOGY AND NEUROSCIENCE REPORTS', 'Neurosciences & Neurology', 1.315),
('1540-1960', 'MIS QUARTERLY EXECUTIVE', 'Information Science & Library Science; Business & Economics', 3.161),
('1548-7091', 'NATURE METHODS', 'Biochemistry & Molecular Biology', 3.555),
('1551-3203', 'IEEE TRANSACTIONS ON INDUSTRIAL INFORMATICS', 'Automation & Control Systems; Computer Science; Engineering', 1.798),
('1568-0096', 'CURRENT CANCER DRUG TARGETS', 'Oncology', 3.901),
('1569-190X', 'SIMULATION MODELLING PRACTICE AND THEORY', 'Computer Science', 4.192),
('1615-9853', 'PROTEOMICS', 'Biochemistry & Molecular Biology', 1.016),
('1617-4909', 'PERSONAL AND UBIQUITOUS COMPUTING', 'Computer Science; Telecommunications', 2.771),
('1617-9846', 'INFORMATION SYSTEMS AND E-BUSINESS MANAGEMENT', 'Business & Economics', 3.219),
('1643-3750', 'MEDICAL SCIENCE MONITOR', 'Research & Experimental Medicine', 2.092),
('1661-7827', 'INTERNATIONAL JOURNAL OF ENVIRONMENTAL RESEARCH AND PUBLIC HEALTH', 'Environmental Sciences & Ecology; Public, Environmental & Occupational Health', 0.104),
('1664-1078', 'FRONTIERS IN PSYCHOLOGY', 'Psychology', 1.029),
('1664-8021', 'FRONTIERS IN GENETICS', 'Genetics & Heredity', 1.532),
('1672-0229', 'GENOMICS PROTEOMICS & BIOINFORMATICS', 'Genetics & Heredity', 1.65),
('1674-4527', 'RESEARCH IN ASTRONOMY AND ASTROPHYSICS', 'Astronomy & Astrophysics', 4.723),
('1735-1995', 'JOURNAL OF RESEARCH IN MEDICAL SCIENCES', 'General & Internal Medicine', 3.356),
('1746-630X', 'CURRENT OPINION IN HIV AND AIDS', 'Immunology; Infectious Diseases', 0.035),
('1757-4676', 'EMBO MOLECULAR MEDICINE', 'Research & Experimental Medicine', 1.154),
('1758-2946', 'JOURNAL OF CHEMINFORMATICS', 'Chemistry; Computer Science', 2.013),
('1759-0876', 'WILEY INTERDISCIPLINARY REVIEWS-COMPUTATIONAL MOLECULAR SCIENCE', 'Chemistry; Mathematical & Computational Biology', 1.697),
('1861-6410', 'INTERNATIONAL JOURNAL OF COMPUTER ASSISTED RADIOLOGY AND SURGERY', 'Engineering; Radiology, Nuclear Medicine & Medical Imaging; Surgery', 3.954),
('1862-5347', 'ADVANCES IN DATA ANALYSIS AND CLASSIFICATION', 'Mathematics', 1.239),
('1865-0473', 'EARTH SCIENCE INFORMATICS', 'Computer Science; Geology', 1.592),
('1866-3508', 'EARTH SYSTEM SCIENCE DATA', 'Geology; Meteorology & Atmospheric Sciences', 4.677),
('1867-1381', 'ATMOSPHERIC MEASUREMENT TECHNIQUES', 'Meteorology & Atmospheric Sciences', 3.983),
('1869-0327', 'APPLIED CLINICAL INFORMATICS', 'Medical Informatics', 2.828),
('1872-6860', 'EUROPEAN JOURNAL OF OPERATIONAL RESEARCH', 'Business & Economics; Operations Research & Management Science', 3.054),
('1874-8961', 'MATHEMATICAL GEOSCIENCES', 'Geology; Mathematics', 4.052),
('1878-8750', 'WORLD NEUROSURGERY', 'Neurosciences & Neurology; Surgery', 1.705),
('1931-7913', 'CBE-LIFE SCIENCES EDUCATION', 'Education & Educational Research', 2.436),
('1938-9736', 'TOPICS IN COMPANION ANIMAL MEDICINE', 'Veterinary Sciences', 4.024),
('1942-4787', 'WILEY INTERDISCIPLINARY REVIEWS-DATA MINING AND KNOWLEDGE DISCOVERY', 'Computer Science', 4.111),
('1948-7185', 'JOURNAL OF PHYSICAL CHEMISTRY LETTERS', 'Chemistry; Science & Technology - Other Topics; Materials Science; Physics', 0.57),
('1994-0416', 'CRYOSPHERE', 'Physical Geography; Geology', 1.839),
('2001-0370', 'COMPUTATIONAL AND STRUCTURAL BIOTECHNOLOGY JOURNAL', 'Biochemistry & Molecular Biology; Biotechnology & Applied Microbiology', 2.546),
('2041-210X', 'METHODS IN ECOLOGY AND EVOLUTION', 'Environmental Sciences & Ecology', 2.629),
('2045-7758', 'ECOLOGY AND EVOLUTION', 'Environmental Sciences & Ecology; Evolutionary Biology', 2.201),
('2053-7166', 'AVIAN RESEARCH', 'Zoology', 4.666),
('2053-9517', 'BIG DATA & SOCIETY', 'Social Sciences - Other Topics', 4.912),
('2054-5703', 'ROYAL SOCIETY OPEN SCIENCE', 'Science & Technology - Other Topics', 1.234),
('2055-1045', 'PALGRAVE COMMUNICATIONS', 'Social Sciences - Other Topics', 4.829),
('2058-9689', 'MOLECULAR SYSTEMS DESIGN & ENGINEERING', 'Chemistry; Engineering; Science & Technology - Other Topics; Materials Science', 2.295),
('2078-2489', 'INFORMATION', 'Computer Science', 1.47),
('2093-596X', 'ENDOCRINOLOGY AND METABOLISM', 'Endocrinology & Metabolism', 3.764),
('2095-8099', 'ENGINEERING', 'Engineering', 0.186),
('2150-8925', 'ECOSPHERE', 'Environmental Sciences & Ecology', 2.458),
('2155-5435', 'ACS CATALYSIS', 'Chemistry', 0.104),
('2161-3915', 'TRANSACTIONS ON EMERGING TELECOMMUNICATIONS TECHNOLOGIES', 'Telecommunications', 0.681),
('2162-2531', 'MOLECULAR THERAPY-NUCLEIC ACIDS', 'Research & Experimental Medicine', 0.585),
('2167-6461', 'BIG DATA', 'Computer Science', 3.463),
('2167-8359', 'PEERJ', 'Science & Technology - Other Topics', 4.757),
('2169-3536', 'IEEE ACCESS', 'Computer Science; Engineering; Telecommunications', 2.754),
('2198-6436', 'CURRENT FORESTRY REPORTS', 'Forestry', 3.958),
('2211-3398', 'CURRENT OPINION IN CHEMICAL ENGINEERING', 'Biotechnology & Applied Microbiology; Engineering', 4.52),
('2234-943X', 'FRONTIERS IN ONCOLOGY', 'Oncology', 3.685),
('2296-4185', 'FRONTIERS IN BIOENGINEERING AND BIOTECHNOLOGY', 'Biotechnology & Applied Microbiology; Science & Technology - Other Topics', 4.63),
('2296-634X', 'FRONTIERS IN CELL AND DEVELOPMENTAL BIOLOGY', 'Cell Biology; Developmental Biology', 4.146),
('2351-9894', 'GLOBAL ECOLOGY AND CONSERVATION', 'Biodiversity & Conservation; Environmental Sciences & Ecology', 3.904),
('2352-4928', 'MATERIALS TODAY COMMUNICATIONS', 'Materials Science', 4.06),
('2375-2548', 'SCIENCE ADVANCES', 'Science & Technology - Other Topics', 3.996),
('2397-334X', 'NATURE ECOLOGY & EVOLUTION', 'Environmental Sciences & Ecology; Evolutionary Biology', 0.644),
('2397-8554', 'EMERGING TOPICS IN LIFE SCIENCES', 'Life Sciences & Biomedicine - Other Topics', 4.388),
('2469-9926', 'PHYSICAL REVIEW A', 'Optics; Physics', 0.536),
('2574-0954', 'CIRCULATION-GENOMIC AND PRECISION MEDICINE', 'Cardiovascular System & Cardiology; Genetics & Heredity', 1.913);

--
-- Dumping data for table `Research Paper`
--

INSERT INTO `research_papers` (`DOI`, `Title`, `Publisher_ISSN`, `Publication_Date`, `Cited_Times`, `Citing_Times`) VALUES
('0.1109/ACCESS.2019.2928233', 'Towards Disaster Resilient Smart Cities: Can Internet of Things and Big Data Analytics Be the Game Changers?', '2169-3536', '201907', 2, 64),
('10.1002/ajp.23112', 'Are social media reports useful for assessing small ape occurrence? A pilot study from Peninsular Malaysia', '0275-2565', '202003', 0, 40),
('10.1002/asmb.2502', 'A review of data science in business and industry and a future view by G. Vicario and S. Coleman', '1524-1904', '202001', 0, 4),
('10.1002/asmb.2504', 'Discussion of \"A review of data science in business and industry and a future view\"', '1524-1904', '202001', 0, 3),
('10.1002/asmb.2506', 'Discussion of \"A review of data science in business and industry and a future view,\" by Grazia Vicario and Shirley Coleman', '1524-1904', '202001', 0, 7),
('10.1002/asmb.2510', 'Thoughts on Data Science in business and industry', '1524-1904', '202001', 0, 15),
('10.1002/asmb.2514', 'Discussion of \"A review of data science in business and industry and a future view\"', '1524-1904', '202001', 0, 1),
('10.1002/asmb.2515', 'Rejoinder to the discussion of \"A review of data science in business and industry and a future view by G. Vicario and S. Coleman\"', '1524-1904', '202001', 0, 14),
('10.1002/asmb.2516', 'Discussion of \"A review of data science in business and industry and a future view\" by Grazia Vicario and Shirley Coleman', '1524-1904', '202001', 0, 27),
('10.1002/bse.2466', 'Designing business models in circular economy: A systematic literature review and research agenda', '0964-4733', '202001', 0, 90),
('10.1002/cem.3198', 'Machine learning methods to predict solubilities of rock samples', '0886-9383', '202002', 0, 27),
('10.1002/chem.202000656', 'Rise of the Robots', '0947-6539', '202003', 0, 4),
('10.1002/cpt.1744', 'Beyond the Randomized Clinical Trial: Innovative Data Science to Close the Pediatric Evidence Gap', '0009-9236', '202001', 0, 75),
('10.1002/cpt.1774', 'Pharmacometrics and Machine Learning Partner to Advance Clinical Data Analysis', '0009-9236', '202002', 0, 28),
('10.1002/cpt.1777', 'Model-Informed Artificial Intelligence: Reinforcement Learning for Precision Dosing', '0009-9236', '202002', 0, 22),
('10.1002/cpt.1781', 'Data Science Approaches for Effective Use of Mobile Device-Based Collection of Real-World Data', '0009-9236', '202002', 0, 10),
('10.1002/eap.2056', 'Modeling avian full annual cycle distribution and population trends with citizen science data', '1051-0761', '202001', 2, 75),
('10.1002/eap.2058', 'Comparing abundance distributions and range maps in spatial conservation planning for migratory species', '1051-0761', '202001', 0, 64),
('10.1002/ece3.6006', 'Dispatches from the neighborhood watch: Using citizen science and field survey data to document color morph frequency in space and time', '2045-7758', '202001', 0, 55),
('10.1002/ecs2.2963', 'Using time series data to assess recent population dynamics of Bald Eagles in the northeast United States', '2150-8925', '201911', 0, 32),
('10.1002/ett.3877', 'Efficient sustainable algorithm for numerical solution of nonlinear delay Fredholm-Volterra integral equations via Haar wavelet for dense sensor networks in emerging telecommunications', '2161-3915', '202001', 0, 32),
('10.1002/pmic.201900147', 'Scalable Data Analysis in Proteomics and Metabolomics Using BioContainers and Workflows Engines', '1615-9853', '201912', 0, 51),
('10.1002/wcms.1458', 'ChemML: A machine learning and informatics program package for the analysis, mining, and modeling of chemical and materials data', '1759-0876', '202001', 0, 50),
('10.1002/widm.1355', 'Educational data mining and learning analytics: An updated survey', '1942-4787', '202001', 0, 69),
('10.1002/widm.1361', 'How to cheat the page limit', '1942-4787', '202002', 0, 6),
('10.1007/s00170-019-04374-x', 'Reference architecture of common service platform for Industrial Big Data (I-BD) based on multi-party co-construction', '0268-3768', '201912', 1, 50),
('10.1007/s00180-020-00954-8', 'Using tours to visually investigate properties of new projection pursuit indexes with application to problems in physics', '0943-4062', '202001', 0, 50),
('10.1007/s00761-019-00695-4', 'Intraoperative imaging and visualization', '0947-8965', '202001', 0, 55),
('10.1007/s00778-019-00594-5', 'ORPHEUSDB: bolt-on versioning for relational databases (extended version)', '1066-8888', '202001', 0, 47),
('10.1007/s00779-019-01323-z', 'An IoT data analytics approach for cultural heritage', '1617-4909', '202001', 0, 14),
('10.1007/s10257-020-00464-6', 'Extended grounded theory: a methodology to combine multiple disciplines', '1617-9846', '202001', 0, 48),
('10.1007/s10439-020-02468-2', 'Core Competencies for Undergraduates in Bioengineering and Biomedical Engineering: Findings, Consequences, and Recommendations', '0090-6964', '202003', 0, 0),
('10.1007/s10479-017-2584-2', 'Big data and disaster management: a systematic review and agenda for future research', '0254-5330', '201912', 19, 152),
('10.1007/s10479-017-2607-z', 'Embedded analytics: improving decision support for humanitarian logistics operations', '0254-5330', '201912', 2, 79),
('10.1007/s10479-018-03129-3', 'Logistics service provider selection for disaster preparation: a socio-technical systems perspective', '0254-5330', '201912', 4, 53),
('10.1007/s10479-018-2772-8', 'Industry 4.0 and the circular economy: a proposed research agenda and original roadmap for sustainable operations', '0254-5330', '201911', 57, 63),
('10.1007/s10479-018-2806-2', 'Humanitarian supply chain management: a thematic literature review and future directions of research', '0254-5330', '201912', 8, 350),
('10.1007/s10479-018-2985-x', 'Current trends in disaster management simulation modelling research', '0254-5330', '201912', 2, 35),
('10.1007/s10479-019-03322-y', 'How entry crowds and grows markets: the gradual disaster management view of market dynamics in the retail industry', '0254-5330', '201912', 1, 60),
('10.1007/s10479-019-03440-7', 'Disaster relief operations: past, present and future', '0254-5330', '201912', 0, 70),
('10.1007/s10479-020-03514-x', 'A deep multi-modal neural network for informative Twitter content classification during emergencies', '0254-5330', '202001', 0, 65),
('10.1007/s10530-019-02141-3', 'Envisioning a national invasive species information framework', '1387-3547', '202001', 10, 82),
('10.1007/s10530-019-02144-0', 'Instituting a national early detection and rapid response program: needs for building federal risk screening capacity', '1387-3547', '202001', 8, 48),
('10.1007/s10530-019-02146-y', 'Technology innovation: advancing capacities for the early detection of and rapid response to invasive species', '1387-3547', '202001', 8, 165),
('10.1007/s10530-019-02147-x', 'Capacity of United States federal government and its partners to rapidly and accurately report the identity (taxonomy) of non-native organisms intercepted in early detection programs', '1387-3547', '202001', 7, 188),
('10.1007/s10530-019-02149-9', 'Federal legal authorities: guidance for application to the early detection of and rapid response to invasive species', '1387-3547', '202001', 4, 11),
('10.1007/s10530-019-02156-w', 'The early detection of and rapid response (EDRR) to invasive species: a conceptual framework and federal capacities assessment', '1387-3547', '202001', 8, 80),
('10.1007/s10530-019-02176-6', 'Invasive species watch lists: guidance for development, communication, and application', '1387-3547', '202001', 6, 12),
('10.1007/s10530-019-02177-5', 'Putting a federal capacities assessment to work: blueprint for a national program for the early detection of and rapid response to invasive species (EDRR)', '1387-3547', '202001', 2, 22),
('10.1007/s10531-020-01937-3', 'Citizen science data accurately predicts expert-derived species richness at a continental scale when sampling thresholds are met', '0960-3115', '202003', 0, 85),
('10.1007/s10606-020-09372-2', 'Coordinative Entities: Forms of Organizing in Data Intensive Science', '0925-9724', '202002', 0, 91),
('10.1007/s10661-019-7996-9', 'Utilizing geospatial information to implement SDGs and monitor their Progress', '0167-6369', '202001', 0, 104),
('10.1007/s10729-019-09488-y', 'DEA in Healthcare Management in Conjunction with Data Science', '1386-9620', '201909', 0, 0),
('10.1007/s11004-019-09846-0', 'A Special Issue on Data Science for Geosciences', '1874-8961', '202001', 0, 1),
('10.1007/s11192-020-03371-2', 'The evolution of data science and big data research: A bibliometric analysis', '0138-9130', '202001', 0, 32),
('10.1007/s11205-019-02169-x', 'A Multiple-Indicator Latent Growth Mixture Model to Track Courses with Low-Quality Teaching', '0303-8300', '202001', 0, 71),
('10.1007/s11205-020-02281-3', 'Mapping the Evolution of Social Research and Data Science on 30 Years of Social Indicators Research', '0303-8300', '202002', 0, 121),
('10.1007/s11518-018-5365-9', 'Two Innovative Coalition Formation Models for Dynamic Task Allocation in Disaster Rescues', '1004-3756', '201904', 3, 43),
('10.1007/s11548-019-02094-x', 'Surgineering: curriculum concept for experiential learning in upper-level biomedical engineering', '1861-6410', '202001', 0, 3),
('10.1007/s11634-020-00386-8', 'Efficient regularized spectral data embedding', '1862-5347', '202002', 0, 61),
('10.1007/s11910-020-1021-0', 'Transcranial Magnetic Stimulation as Treatment in Multiple Neurologic Conditions', '1528-4042', '202002', 0, 33),
('10.1007/s11948-020-00197-2', 'Ethics When You Least Expect It: A Modular Approach to Short Course Data Ethics Instruction', '1353-3452', '202002', 0, 30),
('10.1007/s12046-019-1238-2', 'An information-theoretic graph-based approach for feature selection', '0256-2499', '202012', 0, 28),
('10.1007/s12117-019-09376-5', 'Spotting the signs of trafficking recruitment online: exploring the characteristics of advertisements targeted at migrant job-seekers', '1084-4791', '202003', 0, 90),
('10.1007/s12145-020-00445-w', 'A modular approach to cataloguing marine science data', '1865-0473', '202002', 0, 30),
('10.1007/s12630-020-01571-1', 'Data initiatives supporting critical care research and quality improvement in Canada: an environmental scan and narrative review', '0832-610X', '202004', 0, 42),
('10.1007/s40725-019-00101-7', 'Risk Management and Analytics in Wildfire Response', '2198-6436', '201912', 0, 125),
('10.1016/j.acra.2019.07.030', 'Machine Learning Principles for Radiology Investigators', '1076-6332', '202001', 0, 48),
('10.1016/j.acra.2019.10.002', 'The Importance of Imaging Informatics and Informaticists in the Implementation of Al', '1076-6332', '202001', 0, 27),
('10.1016/j.apr.2019.09.009', 'Application of k-means and hierarchical clustering techniques for analysis of air pollution: A review (1980-2019)', '1309-1042', '202001', 1, 138),
('10.1016/j.coche.2019.08.002', 'Computational design of catalysts for bio-waste upgrading', '2211-3398', '201912', 0, 57),
('10.1016/j.coche.2019.10.002', 'Data science-enabled molecular-to-systems engineering for sustainable water treatment', '2211-3398', '201912', 1, 55),
('10.1016/j.compedu.2019.103728', 'Temporal analysis for dropout prediction using self-regulated learning strategies in self-paced MOOCs', '0360-1315', '202002', 0, 53),
('10.1016/j.compedu.2019.103797', 'Automatic recognition of student emotions from facial expressions during a lecture', '0360-1315', '202004', 0, 66),
('10.1016/j.csbj.2019.03.002', 'Current Advances in Studying Clinically Relevant Transporters of the Solute Carrier (SLC) Family by Connecting Computational Modeling and Data Science', '2001-0370', '201912', 2, 143),
('10.1016/j.dss.2019.113232', 'Leveraging fine-grained transaction data for customer life event predictions', '0167-9236', '202003', 0, 62),
('10.1016/j.ejor.2018.07.052', 'A roadmap for higher research quality in humanitarian operations: A methodological perspective', '1872-6860', '201907', 7, 144),
('10.1016/j.eng.2019.07.023', 'Information Science Should Take a Lead in Future Biomedical Research', '2095-8099', '201912', 0, 27),
('10.1016/j.future.2019.02.008', 'Accelerating content-defined-chunking based data deduplication by exploiting parallelism', '0167-739X', '201909', 1, 50),
('10.1016/j.future.2019.03.047', 'Novel network services for supporting big data science research', '0167-739X', '201909', 0, 33),
('10.1016/j.gecco.2019.e00812', 'Citizen science and invasive alien species: An analysis of citizen science initiatives using information and communications technology (ICT) to collect invasive alien species observations', '2351-9894', '202003', 0, 56),
('10.1016/j.gecco.2019.e00821', 'Statistical models for the persistence of threatened birds using citizen science data: A systematic review', '2351-9894', '202003', 0, 56),
('10.1016/j.gie.2019.11.012', 'Deep learning algorithms for automated detection of Crohn\'s disease ulcers by video capsule endoscopy', '0016-5107', '202003', 0, 49),
('10.1016/j.giq.2019.101407', 'Predicting and explaining corruption across countries: A machine learning approach', '0740-624X', '202001', 0, 81),
('10.1016/j.gpb.2018.11.005', 'Functional Neuroimaging in the New Era of Big Data', '1672-0229', '201908', 1, 134),
('10.1016/j.ijinfomgt.2018.10.021', 'Knowledge model for emergency response based on contingency planning system of China', '0268-4012', '201906', 4, 60),
('10.1016/j.ijinfomgt.2019.08.001', 'Unveiling the interplay between blockchain and loyalty program participation: A qualitative approach based on Bubichain', '0268-4012', '201912', 0, 101),
('10.1016/j.im.2018.10.007', 'Actualizing big data analytics affordances: A revelatory case study', '0378-7206', '202001', 2, 112),
('10.1016/j.ins.2019.09.082', 'Parsimonious generalization of fuzzy thematic sets in taxonomies applied to the analysis of tendencies of research in data science', '0020-0255', '202002', 0, 41),
('10.1016/j.ins.2019.10.017', 'Kernel density estimation based sampling for imbalanced class distribution', '0020-0255', '202002', 0, 35),
('10.1016/j.ipm.2019.05.002', 'The rise and fall of network stars: Analyzing 2.5 million graphs to reveal how high-degree vertices emerge over time', '0306-4573', '202003', 1, 39),
('10.1016/j.jpba.2019.112971', 'Continuous manufacturing process monitoring of pharmaceutical solid dosage form: A case study', '0731-7085', '202002', 0, 18),
('10.1016/j.landurbplan.2019.103742', 'Insights into human-wildlife interactions in cities from bird sightings recorded online', '0169-2046', '202004', 0, 82),
('10.1016/j.mtcomm.2019.100648', 'Density-functional tight-binding approach for the structural analysis and electronic structure of copper hydride metallic nanoparticles', '2352-4928', '201912', 0, 43),
('10.1016/j.omtn.2019.04.010', 'Prediction of Potential Disease-Associated MicroRNAs by Using Neural Networks', '2162-2531', '201907', 8, 52),
('10.1016/j.patrec.2019.11.014', 'Lungs cancer classification from CT images: An integrated design of contrast based classical features fusion and selection', '0167-8655', '202001', 0, 45),
('10.1016/j.pbiomolbio.2019.11.012', 'Supervised and unsupervised algorithms for bioinformatics and data science', '0079-6107', '202003', 0, 59),
('10.1016/j.ress.2019.106684', 'A general model validation and testing tool', '0951-8320', '202003', 0, 41),
('10.1016/j.scitotenv.2019.135491', 'Relationship of meteorological factors and human brucellosis in Hebei province, China', '0048-9697', '202002', 0, 39),
('10.1016/j.scitotenv.2019.135930', 'Feeding a city - Leicester as a case study of the importance of allotments for horticultural production in the UK', '0048-9697', '202002', 0, 59),
('10.1016/j.simpat.2019.03.010', 'Employing data communication networks for managing safer evacuation during earthquake disaster', '1569-190X', '201907', 0, 71),
('10.1016/j.tcam.2019.100364', 'Optimization of Electronic Medical Records for Data Mining Using a Common Data Model', '1938-9736', '201912', 0, 8),
('10.1016/j.tree.2019.08.006', 'Data Integration for Large-Scale Models of Species Distributions', '0169-5347', '202001', 0, 78),
('10.1016/j.wneu.2019.03.155', 'Big Data in Neurosurgery: Harder, Better, Faster, Stronger?', '1878-8750', '202001', 0, 20),
('10.1016/j.wneu.2019.04.268', 'Big Data Analysis: The Leap into a New Science Methodology', '1878-8750', '202001', 0, 9),
('10.1016/j.wneu.2019.09.092', 'Big Data Defined: A Practical Review for Neurosurgeons', '1878-8750', '202001', 2, 46),
('10.1016/j.yebeh.2019.106457', 'Big data in status epilepticus', '1525-5050', '201912', 1, 118),
('10.1017/pan.2019.29', 'Discrete Choice Data with Unobserved Heterogeneity: A Conditional Binary Quantile Model', '1047-1987', '202004', 0, 51),
('10.1017/S0032247419000093', 'The connections between art and science in Antarctica: Activating Science*Art', '0032-2474', '201907', 2, 38),
('10.1017/S0032247419000470', 'A changing cultural climate: Realising the value of artists working in Antarctica', '0032-2474', '201909', 0, 22),
('10.1017/S0032247419000494', 'Celebrating IPY Education, Outreach and Engagement-10 years on', '0032-2474', '201909', 0, 25),
('10.1021/acs.jpclett.9b03678', 'Data-Driven Identification of the Reaction Network in Oxidative Coupling of the Methane Reaction via Experimental Data', '1948-7185', '202002', 0, 39),
('10.1021/acscatal.9b04186', 'Machine Learning for Catalysis Informatics: Recent Applications and Prospects', '2155-5435', '202002', 0, 252),
('10.1038/nature06341', 'Evolution of genes and genomes on the Drosophila phylogeny', '0028-0836', '2007-11-08', 1313, 151),
('10.1038/s41559-020-1109-6', 'Open Science principles for accelerating trait-based science across the Tree of Life', '2397-334X', '202002', 0, 113),
('10.1038/s41592-019-0612-7', 'Nucleus segmentation across imaging experiments: the 2018 Data Science Bowl', '1548-7091', '201912', 2, 55),
('10.1038/s41592-020-0733-z', 'Nucleus segmentation across imaging experiments: the 2018 Data Science Bowl (vol 56, pg 1087, 2019)', '1548-7091', '202001', 0, 1),
('10.1039/c9me00138g', 'Comment on \"A simple constrained machine learning model for predicting high-pressure-hydrogen-compressor materials\" by Hattrick-Simpers, et al., Molecular Systems Design & Engineering, 2018, 3, 509', '2058-9689', '202002', 0, 5),
('10.1042/ETLS20190003', 'New advances in extracting and learning from protein-protein interactions within unstructured biomedical text data', '2397-8554', '201908', 0, 82),
('10.1051/0004-6361/201936538', 'First detection of the carbon chain molecules (CCC)-C-13 and (CCC)-C-13 towards SgrB2(M)', '0004-6361', '202001', 0, 39),
('10.1053/j.gastro.2019.08.058', 'Application of Artificial Intelligence to Gastroenterology and Hepatology', '0016-5085', '202001', 2, 149),
('10.1055/s-0039-3402754', 'Transforming French Electronic Health Records into the Observational Medical Outcome Partnership\'s Common Data Model: A Feasibility Study', '1869-0327', '202001', 0, 19),
('10.1057/s41599-019-0330-x', 'Guns on social media: complex interpretations of gun images posted by Chicago youth', '2055-1045', '201910', 0, 41),
('10.1063/1.5128231', 'On learning Hamiltonian systems from data', '1054-1500', '201912', 0, 36),
('10.1063/1.5128378', 'Atlas of putative minima and low-lying energy networks of water clusters n=3-25', '0021-9606', '201912', 0, 75),
('10.1073/pnas.1901326117', 'Veridical data science', '0027-8424', '202002', 1, 67),
('10.1080/00031305.2017.1407360', 'Fostering Undergraduate Data Science', '0003-1305', '202001', 0, 32),
('10.1080/00207543.2017.1414330', 'The social preferences of local citizens and spontaneous volunteerism during disaster relief operations(*)', '0020-7543', '201911', 4, 63),
('10.1080/00934690.2020.1714307', 'Big Archaeology: Horizons and Blindspots', '0093-4690', '202002', 0, 73),
('10.1080/01605682.2019.1705194', 'Improving productivity in Hollywood with data science: Using emotional arcs of movies to drive product and service innovation in entertainment industries', '0160-5682', '202002', 0, 109),
('10.1080/01691864.2020.1713886', 'Depth vision guided hand gesture recognition using electromyographic signals', '0169-1864', '202001', 0, 60),
('10.1080/02626667.2020.1724296', 'E-monitoring the nature of water', '0262-6667', '202002', 0, 25),
('10.1080/0284186X.2019.1584404', 'Addressing priority challenges in the detection and assessment of colorectal polyps from capsule endoscopy and colonoscopy in colorectal cancer screening using machine learning', '0284-186X', '201904', 3, 20),
('10.1080/03610918.2018.1484138', 'Adjusted generalized confidence intervals for the common coefficient of variation of several normal populations', '0361-0918', '202001', 0, 24),
('10.1080/08957347.2020.1732384', 'The Trade-Off between Model Fit, Invariance, and Validity: The Case of PISA Science Assessments', '0895-7347', '202002', 0, 43),
('10.1080/08982112.2019.1706744', 'Quality 4.0-the challenging future of quality engineering', '0898-2112', '202002', 0, 40),
('10.1080/09537287.2020.1712487', 'Impact of Industry 4.0 on supply chain performance', '0953-7287', '202001', 0, 150),
('10.1080/09537325.2020.1732912', 'A review of machine learning for big data analytics: bibliometric approach', '0953-7325', '202002', 0, 63),
('10.1080/09638237.2020.1714011', '\'AI gone mental\': engagement and ethics in data-driven technology for mental health', '0963-8237', '202001', 0, 44),
('10.1080/10400419.2020.1712164', 'Malevolent Creativity and Social Media: Creating Anti-immigration Communities on Twitter', '1040-0419', '202001', 0, 50),
('10.1080/10508406.2019.1705664', 'Situating Data Science: Exploring How Relationships to Data Shape Learning', '1050-8406', '202001', 0, 38),
('10.1080/10508406.2019.1705665', 'Learning to Reason with Data: How Did We Get Here and What Do We Know?', '1050-8406', '202001', 0, 24),
('10.1080/13658816.2018.1542697', 'Automated terrain feature identification from remote sensing imagery: a deep learning approach', '1365-8816', '202004', 0, 53),
('10.1080/13658816.2020.1730850', 'A machine learning approach for predicting computational intensity and domain decomposition in parallel geoprocessing', '1365-8816', '202002', 0, 55),
('10.1080/14697688.2019.1711148', 'A neural network enhanced volatility component model', '1469-7688', '202002', 0, 63),
('10.1088/1674-4527/19/11/155', 'Preface: Advanced Space-based Solar Observatory (ASO-S)', '1674-4527', '201911', 1, 17),
('10.1088/1674-4527/19/11/156', 'Advanced Space-based Solar Observatory (ASO-S): an overview', '1674-4527', '201911', 11, 24),
('10.1088/1674-4527/19/11/158', 'The Lyman-alpha Solar Telescope (LST) for the ASO-S mission - I. Scientific objectives and overview', '1674-4527', '201911', 6, 72),
('10.1088/1674-4527/19/11/159', 'The Lyman-alpha Solar Telescope (LST) for the ASO-S mission - II. design of LST', '1674-4527', '201911', 0, 18),
('10.1088/1674-4527/19/11/162', 'The Lyman-alpha Solar Telescope (LST) for the ASO-S mission - III. data and potential diagnostics', '1674-4527', '201911', 5, 61),
('10.1088/1674-4527/19/11/164', 'The Science Operations and Data Center (SODC) of the ASO-S mission', '1674-4527', '201911', 2, 14),
('10.1089/big.2019.0026', 'Mining the Thin Air-for Understanding of Urban Society', '2167-6461', '201912', 0, 26),
('10.1089/big.2019.0100', 'An Experience-Centered Approach to Training Effective Data Scientists', '2167-6461', '201912', 0, 35),
('10.1089/big.2019.0172', 'Certification or Advanced Degrees', '2167-6461', '202002', 0, 3),
('10.1093/ajcn/nqz284', 'Lessons from application of data science strategies in nutritional research', '0002-9165', '202001', 0, 13),
('10.1093/ajhp/zxz273', 'Achieving the PAI 2030 vision: Leading and navigating transformative change', '1079-2082', '202001', 0, 9),
('10.1093/bib/bby117', 'Network embedding in biomedical data science', '1467-5463', '202001', 5, 128),
('10.1093/bioinformatics/btz470', 'Scaling tree-based automated machine learning to biomedical big data with a feature set selector', '1367-4803', '202001', 1, 40),
('10.1093/bioinformatics/btz522', 'Pygenprop: a Python library for programmatic exploration and comparison of organism genome properties', '1367-4803', '201912', 0, 10),
('10.1093/bioinformatics/btz718', 'Graph embedding on biomedical networks: methods, applications and evaluations', '1367-4803', '201902', 1, 63),
('10.1093/bjc/azz049', 'HATE IN THE MACHINE: ANTI-BLACK AND ANTI-MUSLIM SOCIAL MEDIA POSTS AS PREDICTORS OF OFFLINE RACIALLY AND RELIGIOUSLY AGGRAVATED CRIME', '0007-0955', '202001', 1, 60),
('10.1093/condor/duz052', 'Using stable isotopes to estimate migratory connectivity for a patchily distributed, wetland-associated Neotropical migrant', '0010-5422', '201911', 0, 72),
('10.1097/COH.0000000000000584', 'Harnessing digital data and data science to achieve 90-90-90 goals to end the HIV epidemic', '1746-630X', '201911', 0, 38),
('10.1097/j.pain.0000000000001616', 'Machine-learned analysis of the association of next-generation sequencing-based genotypes with persistent pain after breast cancer surgery', '0304-3959', '201910', 0, 158),
('10.1097/MD.0000000000018474', 'Comparative effectiveness of simultaneous integrated boost vs sequential intensity-modulated radiotherapy for oropharyngeal or hypopharyngeal cancer patients A population-based propensity score-matched analysis', '0025-7974', '201912', 0, 29),
('10.1098/rsos.190573', 'Segregation and polarization in urban areas', '2054-5703', '201910', 0, 45),
('10.1098/rsta.2019.0056', 'Exascale applications: skin in the game', '1364-503X', '202003', 0, 62),
('10.1098/rsta.2019.0060', 'Big telescope, big data: towards exascale with the Square Kilometre Array', '1364-503X', '202003', 0, 7),
('10.1098/rsta.2019.0392', 'Machine learning techniques for detecting topological avatars of new physics', '1364-503X', '201912', 0, 29),
('10.1103/PhysRevA.101.022322', 'Row and column iteration methods to solve linear systems on a quantum computer', '2469-9926', '202002', 0, 23),
('10.1108/ITP-06-2019-0290', 'Key competencies for big data analytics professions: a multimethod study', '0959-3845', '202002', 0, 78),
('10.1108/OIR-03-2019-0084', 'Corporate disclosure via social media: a data science approach', '1468-4527', '202001', 0, 58),
('10.1108/OIR-05-2019-0143', 'Less is more Mining useful features from Twitter user profiles for Twitter user classification in the public health domain', '1468-4527', '201912', 0, 39),
('10.1109/ACCESS.2019.2905845', 'Intelligent Pavement Damage Monitoring Research in China', '2169-3536', '201907', 1, 24),
('10.1109/ACCESS.2019.2913340', 'The Rising Role of Big Data Analytics and IoT in Disaster Management: Recent Advances, Taxonomy and Prospects', '2169-3536', '201907', 2, 91),
('10.1109/JPROC.2019.2946993', 'CAI4CAI: The Rise of Contextual Artificial Intelligence in Computer-Assisted Interventions', '0018-9219', '202001', 0, 176),
('10.1109/JPROC.2019.2947272', 'Brain Imaging Genomics: Integrated Analysis and Machine Learning', '0018-9219', '202001', 0, 234),
('10.1109/MCG.2019.2918158', 'Uncertainty-Aware Visualization for Analyzing Heterogeneous Wildfire Detections', '0272-1716', '201909', 0, 20),
('10.1109/MCOM.001.1900094', 'An Intelligent Robust Networking Mechanism for the Internet of Things', '0163-6804', '201911', 0, 15),
('10.1109/MCOM.2019.8908556', 'DATA SCIENCE AND ARTIFICIAL INTELLIGENCE FOR COMMUNICATIONS', '0163-6804', '201911', 0, 0),
('10.1109/TII.2019.2941142', 'Exploring Unsupervised Learning Techniques for the Internet of Things', '1551-3203', '202004', 0, 28),
('10.1109/TITS.2018.2882439', 'Convolutional Neural Networks for On-Street Parking Space Detection in Urban Networks', '1524-9050', '201912', 0, 39),
('10.1109/TVCG.2019.2934593', 'Understanding the Role of Alternatives in Data Analysis Practices', '1077-2626', '202001', 0, 45),
('10.1111/1365-2664.13569', 'Ecosystem service multifunctionality of low-productivity forests and implications for conservation and management', '0021-8901', '202002', 0, 38),
('10.1111/2041-210X.13368', 'Chipper: Open-source software for semi-automated segmentation and analysis of birdsong and other natural sounds', '2041-210X', '202002', 0, 45),
('10.1111/cobi.13451', 'Realities of offering advice to governments on CITES', '0888-8892', '202001', 0, 40),
('10.1111/cura.12348', 'Museum Makers: Family Explorations of Data Science through Making and Exhibit design', '0011-3069', '202001', 0, 47),
('10.1111/ecog.04863', 'A continental measure of urbanness predicts avian response to local urbanization', '0906-7590', '201912', 0, 137),
('10.1111/geb.13070', 'Calibration of probability predictions from machine-learning and statistical models', '1466-822X', '200204', 0, 35),
('10.1111/jbl.12232', 'On the \"Invisible Inventory Conundrum\" in RFID-Equipped Supply Chains: A Data Science Approach to Assessing Tag Performance', '0735-3766', '201912', 0, 92),
('10.1111/jmi.12873', 'Scratches and grazes: a detailed microscopic analysis of trampling phenomena', '0022-2720', '202002', 0, 79),
('10.1111/rssa.12547', 'Health effects of power plant emissions through ambient air quality', '0964-1998', '202001', 0, 43),
('10.1115/1.4044770', 'Using Machine Learning to Predict Core Sizes of High-Efficiency Turbofan Engines', '0742-4795', '201911', 0, 22),
('10.1126/sciadv.aau9630', 'Semblance: An empirical similarity kernel on probability spaces', '2375-2548', '201912', 0, 37),
('10.1145/3377391.3377398', 'Michael Franklin Speaks Out on Data Science', '0163-5808', '201909', 0, 0),
('10.1152/physiolgenomics.00058.2019', 'Profiling solute-carrier transporters in key metabolic tissues during the postpartum evolution of mammary epithelial cells from nonsecretory to secretory', '1094-8341', '201911', 0, 22),
('10.1161/CIRCGEN.119.002746', 'Portfolio Analysis of Research Grants in Data Science Funded by the National Heart, Lung, and Blood Institute', '2574-0954', '201912', 0, 12),
('10.1175/WAF-D-19-0105.1', 'Calibration of Machine Learning-Based Probabilistic Hail Predictions for Operational Forecasting', '0882-8156', '202002', 0, 62),
('10.1177/0141076820902656', 'Slanted publicity for data science?', '0141-0768', '202002', 1, 2),
('10.1177/0272989X20903267', 'Shared Decision Making: From Decision Science to Data Science', '0272-989X', '202002', 0, 30),
('10.1177/0894439318788314', 'Artificial Intelligence and Inclusion: Formerly Gang-Involved Youth as Domain Experts for Analyzing Unstructured Twitter Data', '0894-4393', '202002', 3, 31),
('10.1177/0894439318810734', 'Big Data Ethics and Politics: Toward New Understandings', '0894-4393', '202002', 0, 21),
('10.1177/0969733019839218', 'Nurses\' experiences of compassion when giving palliative care at home', '0969-7330', '202002', 0, 46),
('10.1177/1060028020904358', 'Efficacy of Conversion to Aflibercept for Diabetic Macular Edema Previously Refractory to Bevacizumab or Ranibizumab: A Meta-analysis of High-Quality Nonrandomized Studies', '1060-0280', '202001', 0, 41),
('10.1177/2053951720906849', 'Prospecting (in) the data sciences', '2053-9517', '202001', 0, 45),
('10.1186/s12199-019-0839-z', 'Spatial-temporal distribution of human brucellosis in mainland China from 2004 to 2017 and an analysis of social and environmental factors', '1342-078X', '202001', 0, 36),
('10.1186/s12859-019-3225-3', 'The coming era of artificial intelligence in biological data science', '1471-2105', '201912', 0, 0),
('10.1186/s12859-019-3284-5', 'Evaluation of knowledge graph embedding approaches for drug-drug interaction prediction in realistic settings', '1471-2105', '201912', 0, 57),
('10.1186/s12859-019-3332-1', 'Microscopy cell nuclei segmentation with enhanced U-Net', '1471-2105', '202001', 0, 25),
('10.1186/s12872-019-01301-6', 'The use of data science to analyse physiology of oxygen delivery in the extracorporeal circulation', '1471-2261', '201912', 0, 13),
('10.1186/s13059-020-1926-6', 'Eleven grand challenges in single-cell data science', '1474-760X', '202002', 0, 352),
('10.1186/s13321-020-0408-x', 'Towards reproducible computational drug discovery', '1758-2946', '202001', 0, 282),
('10.1186/s40657-019-0176-3', 'Exotic parrots breeding in urban tree cavities: nesting requirements, geographic distribution, and potential impacts on cavity nesting birds in southeast Florida', '2053-7166', '201910', 0, 54),
('10.1187/cbe.19-02-0041', 'Successful Integration of Data Science in Undergraduate Biostatistics Courses Using Cognitive Load Theory', '1931-7913', '201912', 0, 40),
('10.1214/19-STS745', 'Quantum Science and Quantum Technology', '0883-4237', '202002', 0, 121),
('10.1214/19-STS754', 'Statistical Theory Powering Data Science', '0883-4237', '201911', 0, 122),
('10.12659/MSM.919803', 'Tailgut Cysts with Malignant Transformation: Features, Diagnosis, and Treatment', '1643-3750', '202001', 0, 75),
('10.1515/fs-2019-0029', 'Algorithmic Decision-Making Systems Revisited: How Machines can Reproduce Social Relations of Power', '0723-5186', '201911', 0, 58),
('10.15252/emmm.202012053', 'Google\'s Project Nightingale highlights the necessity of data science ethics review', '1757-4676', '202002', 0, 7),
('10.17705/2msqe.00011', 'BBVA\'s Data Monetization Journey', '1540-1960', '201906', 0, 5),
('10.2174/1568009619666191023100046', 'Anti-tumor Activity of Propofol: A Focus on MicroRNAs', '1568-0096', '202001', 0, 139),
('10.2514/1.J058638', 'Application of Artificial Neural Networks to Stochastic Estimation and Jet Noise Modeling', '0001-1452', '202002', 0, 40),
('10.2533/chimia.2019.1001', 'Reducing the Concepts of Data Science and Machine Learning to Tools for the Bench Chemist', '0009-4293', '201912', 0, 20),
('10.26599/TST.2019.9010011', 'Modelling the Dropout Patterns of MOOC Learners', '1007-0214', '202006', 1, 36),
('10.2744/CCB-1355.1', 'Identifying Sea Turtle Home Ranges Utilizing Citizen-Science Data from Novel Web-Based and Smartphone GIS Applications', '1071-8443', '201912', 0, 64),
('10.31209/2019.100000135', 'Word Embedding Based Knowledge Representation with Extracting Relationship Between Scientific Terminologies', '1079-8587', '202003', 0, 20),
('10.31664/zu.2019.105.04', 'Is Structure Context or Content? A Data-Driven Method of Comparing Museum Collections', '0514-7794', '201906', 0, 9),
('10.3389/fbioe.2019.00214', 'Computational Assessment of the Pharmacological Profiles of Degradation Products of Chitosan', '2296-4185', '201909', 0, 104),
('10.3389/fcell.2019.00349', 'Ensuring Quality Standards and Reproducible Research for Data Analysis Services in Oncology: A Cooperative Service Model', '2296-634X', '201912', 0, 27),
('10.3389/fgene.2019.00535', 'Inferring Interaction Networks From Multi-Omics Data', '1664-8021', '201906', 3, 102),
('10.3389/fonc.2019.01527', 'The Promising Connection Between Data Science and Evolutionary Theory in Oncology', '2234-943X', '202001', 0, 34),
('10.3389/fpsyg.2019.02694', 'Editorial: Parsing Psychology: Statistical and Computational Methods Using Physiological, Behavioral, Social, and Cognitive Data', '1664-1078', '201911', 0, 0),
('10.3390/ijerph17030731', 'Coronary Artery Disease Diagnosis; Ranking the Significant Features Using a Random Trees Model', '1661-7827', '202002', 0, 43),
('10.3390/info10070226', 'Big Data Analytics and Firm Performance: A Systematic Review', '2078-2489', '201907', 0, 79),
('10.3390/medicina55080473', 'Challenges Facing the Detection of Colonic Polyps: What Can Deep Learning Do?', '1010-660X', '201908', 1, 55),
('10.3803/EnM.2019.34.4.349', 'Medical Big Data Is Not Yet Available: Why We Need Realism Rather than Exaggeration', '2093-596X', '201912', 0, 35),
('10.4103/jrms.JRMS_414_18', 'Endovascular coiling versus surgical clipping for aneurysmal subarachnoid hemorrhage: A meta-analysis of randomized controlled trials', '1735-1995', '201910', 0, 25),
('10.5194/amt-13-593-2020', 'Introducing the 4.4 km spatial resolution Multi-Angle Imaging SpectroRadiometer (MISR) aerosol product', '1867-1381', '202002', 0, 102),
('10.5194/essd-11-1483-2019', 'Integrated hydrometeorological, snow and frozen-ground observations in the alpine region of the Heihe River Basin, China', '1866-3508', '201909', 0, 55),
('10.5194/essd-12-137-2020', 'Global River Radar Altimetry Time Series (GRRATS): new river elevation earth science data records for the hydrologic community', '1866-3508', '202001', 0, 56),
('10.5194/hess-23-5227-2019', 'Evaluation of MODIS and VIIRS cloud-gap-filled snow-cover products for production of an Earth science data record', '1027-5606', '201912', 0, 57),
('10.5194/tc-14-565-2020', 'Deep learning applied to glacier evolution modelling', '1994-0416', '202002', 0, 80),
('10.5755/j01.itc.48.4.22176', 'WMFP-Outlier: An Efficient Maximal Frequent-Pattern-Based Outlier Detection Approach for Weighted Data Streams', '1392-124X', '201906', 0, 19),
('10.5771/0943-7444-2019-8-622', 'Data Papers as a New Form of Knowledge Organization in the Field of Research Data', '0943-7444', '201906', 0, 27),
('10.7566/JPSJ.89.012001', 'Sparse Modeling in Quantum Many-Body Problems', '0031-9015', '202001', 1, 115),
('10.7717/peerj.8335', 'Citizen science in the marine environment: estimating common dolphin densities in the north-east Atlantic', '2167-8359', '202002', 0, 46);

--
-- Dumping data for table `Writes`
--

INSERT INTO `writes` (`Author_ORCID`, `Paper_DOI`) VALUES
('0000-0001-5994-9454', '10.1002/ajp.23112'),
('0000-0002-9760-0058', '10.1002/ajp.23112'),
('0000-0003-0209-7080 ', '10.1002/asmb.2504'),
('0000-0003-4048-9552', '10.1002/asmb.2506'),
('0000-0001-9112-1809', '10.1002/asmb.2510'),
('0000-0001-7244-5947 ', '10.1002/asmb.2516'),
('0000-0002-4518-2915', '10.1002/cem.3198'),
('0000-0003-1945-526X', '10.1002/cem.3198'),
('0000-0002-2769-1775', '10.1002/chem.202000656'),
('0000-0001-7871-2073', '10.1002/cpt.1744'),
('0000-0001-9893-4415 ', '10.1002/cpt.1744'),
('0000-0002-6817-2859', '10.1002/cpt.1744'),
('0000-0003-3369-6107 ', '10.1002/cpt.1744'),
('0000-0001-8221-013X', '10.1002/eap.2056'),
('0000-0001-8221-013X', '10.1002/eap.2058'),
('0000-0002-0879-6600', '10.1002/ece3.6006'),
('0000-0002-9509-3523 ', '10.1002/ece3.6006'),
('0000-0003-0126-9944', '10.1002/ett.3877'),
('0000-0001-6579-6941  ', '10.1002/pmic.201900147'),
('0000-0002-9856-1679', '10.1002/pmic.201900147'),
('0000-0003-4501-4118', '10.1002/wcms.1458'),
('0000-0003-4180-4948', '10.1002/widm.1355'),
('0000-0003-4216-6378', '10.1002/widm.1355'),
('0000-0002-0249-6439', '10.1007/s00180-020-00954-8'),
('0000-0002-5291-0167 ', '10.1007/s00778-019-00594-5'),
('0000-0002-0474-4176 ', '10.1007/s10439-020-02468-2'),
('0000-0003-2155-3918', '10.1007/s10439-020-02468-2'),
('0000-0002-2050-9985', '10.1007/s10479-017-2584-2'),
('0000-0002-4138-1378', '10.1007/s10530-019-02147-x'),
('0000-0002-3560-3659', '10.1007/s10531-020-01937-3'),
('0000-0003-0415-2709 ', '10.1007/s10531-020-01937-3'),
('0000-0003-3653-5771', '10.1007/s10661-019-7996-9'),
('0000-0001-8943-5681', '10.1007/s10729-019-09488-y'),
('0000-0002-3257-7029', '10.1007/s11205-019-02169-x'),
('0000-0001-6644-1317', '10.1007/s11548-019-02094-x'),
('0000-0002-0994-728X', '10.1007/s11948-020-00197-2'),
('0000-0003-4328-3963', '10.1007/s11948-020-00197-2'),
('0000-0003-4380-3172', '10.1007/s12046-019-1238-2'),
('0000-0001-5650-2294', '10.1007/s12117-019-09376-5'),
('0000-0002-3082-0814', '10.1016/j.compedu.2019.103728'),
('0000-0003-0835-1414', '10.1016/j.compedu.2019.103728'),
('0000-0001-7235-9029 ', '10.1016/j.csbj.2019.03.002'),
('0000-0002-8012-5852', '10.1016/j.future.2019.02.008'),
('0000-0001-7383-3810', '10.1016/j.future.2019.03.047'),
('0000-0002-9851-6376', '10.1016/j.gpb.2018.11.005'),
('0000-0002-2161-4883', '10.1016/j.im.2018.10.007'),
('0000-0001-5328-0577', '10.1016/j.ins.2019.09.082'),
('0000-0003-3946-0920', '10.1016/j.ins.2019.10.017'),
('0000-0003-3509-7642', '10.1016/j.jpba.2019.112971'),
('0000-0002-7263-0234', '10.1016/j.mtcomm.2019.100648'),
('0000-0002-4870-1493  ', '10.1016/j.patrec.2019.11.014'),
('0000-0002-3623-4816', '10.1016/j.scitotenv.2019.135930'),
('0000-0001-6007-6144', '10.1016/j.tcam.2019.100364'),
('0000-0002-3434-9062', '10.1016/j.tcam.2019.100364'),
('0000-0002-5637-009X ', '10.1016/j.tcam.2019.100364'),
('0000-0001-5382-5135 ', '10.1016/j.tree.2019.08.006'),
('0000-0001-6723-6833', '10.1016/j.tree.2019.08.006'),
('0000-0001-9737-3724', '10.1016/j.tree.2019.08.006'),
('0000-0002-3348-6153', '10.1016/j.tree.2019.08.006'),
('0000-0002-4817-1920', '10.1016/j.tree.2019.08.006'),
('0000-0002-4869-8052', '10.1016/j.tree.2019.08.006'),
('0000-0002-7166-4176', '10.1016/j.tree.2019.08.006'),
('0000-0003-3064-7553', '10.1016/j.tree.2019.08.006'),
('0000-0003-1435-3598', '10.1016/j.wneu.2019.04.268'),
('0000-0002-0426-3241', '10.1016/j.wneu.2019.09.092'),
('0000-0002-1876-5963', '10.1016/j.wneu.2019.09.092'),
('0000-0002-3012-1263', '10.1016/j.yebeh.2019.106457'),
('0000-0001-7130-1511', '10.1017/S0032247419000093'),
('0000-0002-4730-6985', '10.1017/S0032247419000093'),
('0000-0001-9922-8889', '10.1021/acs.jpclett.9b03678'),
('0000-0002-1533-9790 ', '10.1021/acs.jpclett.9b03678'),
('0000-0002-9328-1694', '10.1021/acs.jpclett.9b03678'),
('0000-0003-3084-1444', '10.1021/acs.jpclett.9b03678'),
('0000-0001-9281-0454 ', '10.1021/acscatal.9b04186'),
('0000-0002-6062-5622', '10.1021/acscatal.9b04186'),
('0000-0001-5944-5686', '10.1038/nature06341'),
('0000-0001-7690-4530', '10.1038/s41559-020-1109-6'),
('0000-0001-8338-9143', '10.1038/s41559-020-1109-6'),
('0000-0001-9806-3074', '10.1038/s41559-020-1109-6'),
('0000-0002-1022-8469', '10.1038/s41559-020-1109-6'),
('0000-0002-4680-8115', '10.1038/s41559-020-1109-6'),
('0000-0002-6241-3164', '10.1038/s41559-020-1109-6'),
('0000-0002-6620-807X', '10.1038/s41559-020-1109-6'),
('0000-0002-9814-092X', '10.1038/s41559-020-1109-6'),
('0000-0002-9882-2111', '10.1038/s41559-020-1109-6'),
('0000-0003-4589-2746 ', '10.1038/s41559-020-1109-6'),
('0000-0003-4651-4798 ', '10.1038/s41559-020-1109-6'),
('0000-0001-6926-0941', '10.1038/s41592-019-0612-7'),
('0000-0002-1277-4631', '10.1038/s41592-019-0612-7'),
('0000-0002-1277-4631', '10.1038/s41592-020-0733-z'),
('0000-0002-2906-1769', '10.1063/1.5128231'),
('0000-0002-6303-1037', '10.1063/1.5128378'),
('0000-0001-5913-9451', '10.1080/01691864.2020.1713886'),
('0000-0002-9269-4526', '10.1080/0284186X.2019.1584404'),
('0000-0003-2613-2696', '10.1080/0284186X.2019.1584404'),
('0000-0003-2315-0477', '10.1080/08982112.2019.1706744'),
('0000-0003-2074-1765', '10.1080/10400419.2020.1712164'),
('0000-0001-8250-068X', '10.1080/10508406.2019.1705664'),
('0000-0001-9513-2783 ', '10.1080/10508406.2019.1705664'),
('0000-0002-1765-4524', '10.1080/14697688.2019.1711148'),
('0000-0002-5087-8861', '10.1080/14697688.2019.1711148'),
('0000-0003-1078-3021', '10.1088/1674-4527/19/11/164'),
('0000-0003-4019-6389 ', '10.1093/bib/bby117'),
('0000-0003-3737-6565', '10.1093/bioinformatics/btz470'),
('0000-0003-2015-099X', '10.1093/bioinformatics/btz522'),
('0000-0002-5818-6958', '10.1097/j.pain.0000000000001616'),
('0000-0002-8053-9983', '10.1098/rsos.190573'),
('0000-0002-8509-0839 ', '10.1098/rsos.190573'),
('0000-0003-2521-4091', '10.1098/rsta.2019.0056'),
('0000-0002-4105-9629', '10.1098/rsta.2019.0392'),
('0000-0001-7477-1666', '10.1108/OIR-03-2019-0084'),
('0000-0003-1794-0456', '10.1109/JPROC.2019.2946993'),
('0000-0002-5443-0503', '10.1109/JPROC.2019.2947272'),
('0000-0002-3644-2105 ', '10.1109/TII.2019.2941142'),
('0000-0003-4128-2588', '10.1109/TII.2019.2941142'),
('0000-0002-2423-5475', '10.1109/TITS.2018.2882439'),
('0000-0002-1218-8755', '10.1111/cura.12348'),
('0000-0002-6508-3535 ', '10.1111/cura.12348'),
('0000-0003-1173-6817', '10.1111/cura.12348'),
('0000-0002-3560-3659', '10.1111/ecog.04863'),
('0000-0003-0415-2709', '10.1111/ecog.04863'),
('0000-0002-4810-2001', '10.1111/jmi.12873'),
('0000-0003-0404-6877', '10.1126/sciadv.aau9630'),
('0000-0001-5890-203X', '10.1177/0969733019839218'),
('0000-0003-0190-7301 ', '10.1186/s12199-019-0839-z'),
('0000-0002-2768-7362', '10.1186/s12872-019-01301-6'),
('0000-0002-4298-3178', '10.1186/s12872-019-01301-6'),
('0000-0002-2218-6833', '10.1186/s13059-020-1926-6'),
('0000-0002-3048-5518', '10.1186/s13059-020-1926-6'),
('0000-0002-3976-9701  ', '10.1186/s13059-020-1926-6'),
('0000-0002-6170-9780', '10.1186/s13059-020-1926-6'),
('0000-0002-8818-7193', '10.1186/s13059-020-1926-6'),
('0000-0002-9138-4112', '10.1186/s13059-020-1926-6'),
('0000-0003-3638-1960 ', '10.1186/s13059-020-1926-6'),
('0000-0003-4424-4691', '10.1186/s13059-020-1926-6'),
('0000-0003-1967-7129', '10.15252/emmm.202012053'),
('0000-0001-5461-9579', '10.2174/1568009619666191023100046'),
('0000-0001-6605-822X', '10.2174/1568009619666191023100046'),
('0000-0002-9579-8339', '10.2174/1568009619666191023100046'),
('0000-0002-9627-9557 ', '10.2174/1568009619666191023100046'),
('0000-0003-2513-3953', '10.2174/1568009619666191023100046'),
('0000-0001-5921-1070', '10.2744/CCB-1355.1'),
('0000-0003-0745-5641', '10.3389/fcell.2019.00349'),
('0000-0002-7002-7300', '10.3803/EnM.2019.34.4.349'),
('0000-0002-0675-4458 ', '10.5194/amt-13-593-2020'),
('0000-0001-6848-7271', '10.5194/essd-11-1483-2019'),
('0000-0003-2999-9818', '10.5194/essd-11-1483-2019'),
('0000-0001-9278-7442', '10.5194/essd-12-137-2020'),
('0000-0002-0791-0731', '10.5194/tc-14-565-2020'),
('0000-0002-7058-8765', '10.7566/JPSJ.89.012001');
COMMIT;

/*!40101 SET CHARACTER_SET_CLIENT=@OLD_CHARACTER_SET_CLIENT */;
/*!40101 SET CHARACTER_SET_RESULTS=@OLD_CHARACTER_SET_RESULTS */;
/*!40101 SET COLLATION_CONNECTION=@OLD_COLLATION_CONNECTION */;
